uid,time,text,keywords,sentiment_gpt
民主進步黨_林淑芬,2015-09-12 21:53:55,"我是有點不明白，
新北市政府怎麼從前幾天就開始發放重陽敬老金?
七月還沒結束，中秋還沒來，
怎麼發放重陽敬老金?有點怪……
莫非……他們把國曆9月9日當成重陽節?
不會吧！

不過憾古的事還真發生過
以前還曾把“老人健保補助費”拿出來發放現金給老人家花，
當時紅包還真大包，
老人家根本不知道這是什麼錢，
等到繳健保時才發現早就花光沒錢繳了！",['重陽+敬老金'],NEGATIVE
中國國民黨_王鴻薇,2015-10-21 13:57:48,"明年領不到重陽敬老金的長者和子女，請認清是誰砍了重陽敬老金！
台北市明年起「取消」重陽敬老禮金！
1.8萬中低收入戶長輩可領「重陽救濟金」。
由於議會審查預算只能刪減支出，無權增加支出，柯文哲獨裁砍重陽敬老金，國民黨團今天在柯文哲報告預算時，提出強烈抗議！",['重陽+敬老金'],NEGATIVE
台灣民眾黨_柯文哲,2015-11-16 18:56:52,"臺北市議會第12屆第2次大會市政總質詢已結束，這段期間感謝全體議員對市政的指教。對我來說，議員對市政的建議，市府團隊都會用心的記錄下來，我們會面對問題、解決問題。希望在市府團隊及全體議員的共同努力下，讓臺北市民更幸福、更安心，讓臺北市成為安居樂業的城市！

我常說「面對問題是解決問題的第一步」，自我上任以來，許多問題都是幾十年的陳年舊案，我的態度就是面對它，所以不管是社子島開發、南機場都更案、大龍國宅甚至自來水鉛管問題等，我們都正面迎擊，提出解決方案。溝通的過程，也感謝許多議員協助與民眾溝通。我相信透過「市府、議員和民眾」的「黃金三角」，終究能找出共識並解決問題。

北市有許多政策涉及中央政府的管轄與法規，也有許多議題和整個首都生活圈息息相關，不管是公共住宅政策、松山機場遷建、2017年世大運、自來水鉛管汰換與飲用水安全、翡翠水庫專管取水、淡水河汙染與防洪整治等議題，都不是臺北市能獨立完成的；因此，跨域治理與府際關係是相當重要的課題。臺北市政府秉持「改變台灣從首都開始」的理念，會繼續扮演好火車頭的角色，積極推動。

再者，針對議員們所關心的各項議題，諸如：都市更新、聯開宅閒置與租金問題、房屋稅調整、違建拆除、大巨蛋公安、首長宿舍租金、路外停車格收費、公車票價及自來水費調整、重陽敬老金政策改革與長者照護措施、學童書包減重、機動派出所、世界設計之都、參與式預算與i-Voting執行情形、原住民族社會福利、土壤液化警戒區防範措施、災害防救與應變備援及文化資產保存等問題，市府相關局處會積極處理並以滾動修正的方式，持續精進本府在都市規劃、產業發展、環境衛生、公共安全、公共工程建設、勞工權益及社會福利等各項市政建設，逐步實踐臺北市成為最佳宜居城市的願景。

這個會期最重要的是市府明年度的總預算案，針對相關的總預算規劃，我與市府各局處也積極的向議會說明，希望能獲得各位議員的支持，可以順利通過相關預算，以利明年度台北市政的推動。我和所有市府同仁也會虛心檢討相關溝通過程，企盼未來府會溝通能夠更加融洽，臺北市政推動更加順暢。

最後，再次感謝各位議員女士、先生，感謝議長、副議長，敬祝各位健康快樂、事事順心！",['重陽+敬老金'],POSITIVE
中國國民黨_王鴻薇,2016-09-14 12:51:50,"民調低，腦就殘？

取消重陽敬老金變成年金改革的聖戰喔？發重陽敬老金＝年金改革崩盤，那從鄭文燦，林佳龍，賴清德到陳菊都該下跪請罪，他們都在發重陽敬老金，都在讓年金改革崩盤，只有柯文哲要改革，其他縣市首長都在破壞改革，這是什麼亂七八糟的邏輯。

柯P自己的政策自己負責，少拿反改革大帽子來栽別人。",['重陽+敬老金'],NEGATIVE
中國國民黨_游毓蘭,2016-10-09 11:11:55,"今天是九九重陽節，祝願天下的長輩們都能夠老有所終，能在台灣安享餘年。

這則新聞是去年11月20日的新聞，發生母子餓死家中兩個月的地點在台中市，不是在深山林內，人跡罕至之地。當時我很有感觸，尤其剛好台北市首度取消重陽敬老金，特別有感，可是那時我已經被柯粉們扣上逢柯必反的大帽子，只好按耐下來，今天再舊事重談。

台北市長柯文哲在施政上有很多想法，有他自己的邏輯，但是在缺乏對外說明之下，讓人只看到他繞著錢打轉。
他在上任之後，先刪除各單位訂閱報章雜誌的費用、台北市學童的牛奶沒了，在裁撤雙連派出所時，也是大談一年可以省下500萬元的營運成本；但是只在錢上面打轉，除了凸顯自己的庸俗膚淺外，還忽略了在評估政策時，有許多隱性成本，都不是用$$可以反映出來的。例如:裁撤派出所真的有省下每年五百萬嗎?還是錢沒省下，流失的民意和信任，反而要用更多的錢去透過宣傳廣告買回來。

刪除重陽敬老金可以為市府省下7億，根據台北市政府提供的資料: 2020 年，臺北市老人人口占全市 20%，所以到 109 年時，設定目標是車程 20 分鐘處，都有老人服務與據點，讓老人作伙吃飯、聊天運動、悠遊玩樂健康生活、減少老化臥床時間、減低父母育兒負擔，總計需增加 54 億元。因此規劃刪除非法定預算的一次性補助「重陽禮金」，將資源轉為更有效的重整與配置。

這樣的理由聽起來振振有詞，也是政府應該做的。但是在柯P的規劃中，車程不到20分鐘處就有老人服務據點的理想國要到109年才會實現，以目前台北市和台中市（去年的新聞就是發生在台中）的市長，對於前任市長的政策規劃好像都不尊重，也沒有延續的意思，柯文哲市長的老人福利規劃，說真的，如果我是台北市的銀髮市民，無法接受。

對於重陽敬老禮金，我也不贊成有些縣市長不斷加碼，宛如買票一般，只要重陽一到，戶頭裡自動匯入。個人認為應該做個反向思考。對於老人的敬老年金，未必要給很多，而且絕不應該以轉帳撥付，而是要由基層幹部（鄰里長）與志工藉由重陽敬老，登門親自探視，重點不是錢，而是關懷。
就像這個新聞中的老婦，如果台中有重陽敬老的訪視活動，或許她不會餓死多日，無人聞問…台灣號稱全世界人口最稠密的國家，但是當台中后里發生了這樣的悲劇時，究竟是國人冷漠成性，還是政策缺乏理性規劃與落實，值得深思！",['重陽+敬老金'],NEGATIVE
中國國民黨_王鴻薇,2017-04-28 17:45:30,柯文哲精打細算，幫長者洗洗腳就想一年省下7億敬老金，真不愧是158的智商。長者為臺北市長年奉獻，目前卻只有超過99歲的人瑞才能領到市府的敬老金，實在太嚴格，柯文哲應該放寬年齡，並編列預算發放重陽敬老金才對。,['重陽+敬老金'],NEGATIVE
台灣民眾黨_柯文哲,2017-10-02 12:00:00,"不分貧富通通發放的重陽敬老金，幾乎沒有一個社會學者認為這是一項好政策，但長久以來，因為可以討好選民，所以沒有人敢取消。
　
如何運用重陽敬老金這筆一次性的經費，重新打造一個更完整、更長久的老人照護與福利系統，反而是一項艱苦的工作。
　
而我們選擇了後者。
　
🔘截至目前為止，我們建立了325處「老人共餐據點」，做為台北市老人福利系統的基礎。

🔘試辦由個案管理員整合各種照護服務的「石頭湯計畫」，免去長者必須分別去申請居家醫療、居家護理、居家復健、家庭藥師、居家服務的困擾。

🔘建置照顧失智，失能長者的日間照顧中心，達成「一區一日照」的里程碑。

🔘將居家服務員由過去的時薪制改為「月薪制」，讓更多本地的長照人力可以落實。

🔘鑒於肺炎成為台灣第三大死因，在王威中、潘懷宗議員建議下，我們也撥出預算，補助「65歲以上老人全面施打肺炎鏈球菌疫苗」，降低染病風險。
　
另外，新的制度需要實驗才能找出最有效的模式，因此我們也讓各局處在老人福利政策上發揮創意，就像資訊局推出的「數位行動教學車」，把3C產品都載到共餐據點，老人家吃完飯後，還能一起學習如何用手機拍照、上網、使用App（如圖），讓長輩跟上現代社會，自然能活得更年輕。
　
我們會以「做實驗」的精神，努力建立新的長照產業模式，希望2至3年內，一個適合台灣本土的老人照顧系統，就能在台北誕生。

#老幼福利 
#長期照護
#進步價值光榮城市",['重陽+敬老金'],POSITIVE
台灣民眾黨_柯文哲,2017-10-19 11:48:48,"高齡化加上少子化，當年輕人在外工作，老年人往往只能待在家中，很多人不是看電視，就是「被電視看」，因為看到最後都睡著了。

要讓長輩不只活得長久，還要活得健康、快樂。所以在政策上，我們不斷想辦法鼓勵行動方便的老人家走出戶外、接觸人群，絕對比在家裡看電視來得健康、快樂。

因此，除了老人共餐外，我們也改良了過去「只能搭公車」的敬老卡，10月29日起，年滿65歲的長者們就可以拿著這張敬老卡，在每月480元的額度內，搭公車、搭捷運、坐貓纜、逛士林官邸、動物園、兒童樂園⋯通通免費，不久後，連騎YouBike、搭雙層觀光巴士都能使用敬老卡。

以前，敬老卡只能搭公車，每個月的補助點數都用不完，現在，老人家可以白天去社區共餐，下午拿著敬老卡搭捷運、坐貓纜到貓空「一日遊」，一張卡片就可以過個充實的一天。

與其發一千五讓老人家自己想辦法，不如讓我們來幫他規劃如何活得更健康、更有趣，這是一個負責任的政府應該做的。

#敬老卡擴大使用範圍
#進步價值光榮城市

---
看更多台北市老人福利政策

活用重陽敬老金預算 ‣ https://goo.gl/YDNtMM
325處老人共餐據點 ‣ https://goo.gl/u4xwtp
石頭湯計畫，整合長照資源 ‣ https://goo.gl/5GDPL2
台北扶老計畫，修屋補8萬 ‣ https://goo.gl/LEaUW3
失能者居家醫療 ‣ https://goo.gl/mHbRen
補助施打肺炎鏈球菌疫苗 ‣ https://goo.gl/jGYwiw",['重陽+敬老金'],POSITIVE
中國國民黨_王鴻薇,2017-10-28 16:15:14,"(一定要讓老人這麼疲勞嗎)
柯P為了彌補停發重陽敬老金流失的選票，只好再灑銀子備大獎辦老人活動，結果造成今天混亂失序，長者為了領獎捷運也塞，頒券也擠。早知如此，早些恢復發重陽金不就好了。·
更扯莫過於，既然 預估會有萬人參加活動，竟然工作人員加上警察加上市長自己，現場只有84個人在處理跟維護秩序。 幸好今天還是小傷，沒有造成大的遺憾，否則柯p真的是萬死不足以謝罪。",['重陽+敬老金'],NEGATIVE
中國國民黨_王鴻薇,2017-11-18 14:14:39,"重陽敬老是買票，那柯P趕快去舉報賴清德，陳菊~~
删敬老金後，柯P並没有省錢，今年用救急錢第二預備金五干多萬給老人共餐，還大手筆抽獎电視，电動機車辦了一個老人濺血登山活動。
還有還有，明年台北市破天荒辦老人旅遊，編預算2600萬。
請問柯P，這些算不算拿公帑買票?.算不算討好?",['重陽+敬老金'],NEGATIVE
中國國民黨_王鴻薇,2018-02-04 13:21:23,"有民眾向媒體投書台北市社會局輔具中心雖然有提供爬梯機借用服務，但等候時間竟然需要三個月，我向台北市社會局調閱資料後發現，台北市社會局輔具中心提供借用的爬梯機全市僅10台而已，甚至有民眾等了將近四個月才終於借到爬梯機！

台北市長柯文哲推行的社會福利政策，從長者共餐到持敬老卡搭車免費，這些政策都是針對健康、出門無礙的長者，但台北市還有44萬的長者與12萬的身障人士住在沒有電梯的老舊公寓，柯文哲一方面鼓勵長者多出門，但全市爬梯機僅10台，這些行動不便的市民是要如何外出？

台北市都發局雖有補助本市老舊公寓裝設電梯之政策，然而審核時程冗長、需求又大，反而緩不濟急。我認為原來每年發放的重陽敬老金已經砍了近7億元，應該把這筆錢嘉會給市民，要求台北市社會局應編列預算增購爬梯機供市民借用，以及每區區公所加入借用服務，以每區10台為目標提供爬梯機供民眾借用，避免台北市長者與身障人士反而間接被柯文哲懲罰！",['重陽+敬老金'],NEGATIVE
台灣民眾黨_柯文哲,2018-08-19 19:40:48,"#0818演說完整版正式上線
　
政治其實很簡單，只有三件事：對的事情做，不對的事情不要做，認真做。這樣就行了。
　
就像為什麼我特別注重財政紀律，因為第一、欠債是要還錢的，如果欠債可以不用還錢，大家都來借錢就好了。第二、欠債是要繳利息的。我上任時，台北市政府一年要繳29億元利息，還債520億之後，現在一年的利息下降至7億多，一年就可以省下21億。
　
所以各縣市政府在負債不斷攀高的情況下，還增加重陽敬老金的發放，甚至還有春節敬老金，這些因此增加的債務，將來要誰去還？
　
答案是我們的下一代，「這是債留子孫的行為」。
　
台灣再4年，大於65歲的人口會超過20%，面對一個快速高齡化的社會，台灣需要建立一個可長可久的老人照護系統，而不是發齊頭式的重陽敬老金，「政府不可以如此懶惰」。
　
不遵守財政紀律，甚至在負債升高的情況下，不斷加碼齊頭式的一次性禮金，台灣人應該要有勇氣，對這種事情說「這是不對的」。
　
堅持做對的事，就是進步價值，而鞏固這個價值，使其成為台灣政治的一部分，這是我們要繼續努力的。
　
#改變成真持續發生
#teamKP",['重陽+敬老金'],POSITIVE
民主進步黨_柯建銘,2018-10-04 20:09:42,"【小智號巡講 林智堅力挺14年經驗鄭美娟】

〔記者蔡彰盛／竹市報導〕新竹市長林智堅小智號行動宣講車，巡迴各社區廟埕，迴響熱烈，晚間與東區市議員候選人鄭美娟一同和民眾面對面談政策。林智堅表示，過去他和鄭美娟都在立法委員柯建銘辦公室服務，不但是他的師妹，更是他得力的助手。鄭美娟為民服務邁入第15年，豐富的經驗深受民眾信賴，是擔任議員為民服務的最佳人選。

林智堅說，鄭美娟正在攻讀清華大學公共政策與管理碩士，過去擔任立法委員柯建銘特別助理長達14年，多年服務經驗，培養出為民思考的大腦，凡是以民眾為優先，未來擔任議員，絕對會嚴格監督市政，「若市長有做不好的地方，一定會直言。」另外，也將著重於婦幼、長輩及友善動物等政策，將推動高年級俱樂部課程、設置通學步道、增設親子廁所、推動寵物福利。

林智堅說，過去立法委員柯建銘的幫助，使他爭取中央超過100億經費建設新竹；未來鄭美娟當選，絕對會力挺師妹，「一通電話，智堅絕對挺美娟。」也肯定她過去14年的政治歷練，「絕對是一個值得大家託付、支持的最佳人選。」

「選市長，要選有經驗、會做事的！」林智堅說執政4年期間，新竹市脫胎換骨，除了東區外，包括香山、南寮、新竹左岸都有很大的改變，強調建設才是王道，政績就是選市長的唯一標準。新竹市被評選為全國最幸福的城市，「幸福工程是團體賽、也是接力賽。」他一個人的力量不夠，需大家齊心努力。這次選舉，民進黨在新竹市展現高度團結氣勢，「幸福特攻隊」未來將持續團體戰模式，盼讓市長及12名市議員候選人全數「全壘打」。

林智堅也和當地居民分享政績，包括市中心周邊延伸的水圳及綠帶，如隆恩圳、三民公園、中央公園等，都是新竹之森的一環；還有近期剛翻新完工的新竹公園、麗池園林也獲得行政院長賴清德好評。除此之外，新竹市老人福利完善，是全台本島唯一有發放老人年金的縣市，重陽敬老金也從一千元提升至兩千元；讓長輩最喜歡的則是全口假牙最高六萬元補助，甚至有長輩讚美，「少年市長有夠讚！」有了假牙後，能吃的東西變多了，真是讚！

http://m.ltn.com.tw/news/politics/breakingnews/2570032",['重陽+敬老金'],POSITIVE
台灣民眾黨_柯文哲,2018-10-09 20:30:00,"#阿北面對面  #每週四車上見

這個星期開始，每個禮拜四晚上8點半，都會在Youtube頻道跟市民朋友面對面，聊聊大家關心的議題。

對，在車上聊。

這個點子是幕僚的主意，剛開始覺得很奇怪，誰會特地上車來和我聊天，但後來還真的來了很多人，有質疑重陽敬老金政策的阿北，關心臺北招商狀況的創業家，擔心抽不到公托的年輕媽媽，想在巨蛋看球賽的棒球迷，以及煩惱買不起房子的上班族。

除了這些人，還有一個全身包得很奇怪的神秘客，聽說她人氣很高，最近走在路上常常被認出來，今天這部預告就先給大家驚喜。

記得訂閱我的Youtube頻道，點選小鈴鐺（通知）按鈕，接收第一手資訊！

#teamKP
#改變成真持續發生

---
teamKP全新企劃－阿北面對面
每週四晚間八點半首播
EP1首播時間：2018.10.11（四）PM8:30

訂閱我的Youtube頻道，接收第一手資訊
https://goo.gl/yEFuip",['重陽+敬老金'],POSITIVE
中國國民黨_王鴻薇,2018-10-17 11:38:13,"家有一老，如有一寶。
今天是重陽節，一定要陪陪家中的長輩，感謝他們的付出。

農曆九月初九為「重陽」，又稱「重九」。
民國六十三年內政部為敬老崇孝而核定重陽節為「老人節」，增加了重陽節的內涵。

鴻薇在這祝福所有長輩們，重陽節快樂，一切順心！

#重陽節快樂
#敬老節
#柯文哲快還給長輩敬老金",['重陽+敬老金'],POSITIVE
台灣基進_陳柏惟,2018-11-26 01:41:42,"【傳說中的配合款要回來囉！】
　
在府會同時由中國國民黨全面執政的請況下，傳說中的綁樁神器「議員配合款」要在高雄重出江湖了！
　
取自網路：
「舉例來說：屏東縣黃姓議員在上個任期內就花了1億2312萬，本任期已用2089萬，其中協會就佔了1151萬。2014年他花在社團法人屏東縣東港鎮大潭社區發展協會的「重陽敬老金」，就高達5000萬。」
　　
當然，如果把這筆錢花在對的地方，或許會有好的用途，但是這也同時表示，你必須要花一些時間去接觸你不喜歡的政治人物，總之在預算編列上，如果你是因為高雄負債投給中國國民黨的，請您務必在新議長上任後，緊緊盯著這些錢去哪了。
　
PS：以1200萬估計*議員人數與4年時間、約31億元台幣。",['重陽+敬老金'],NEUTRAL
台灣民眾黨_柯文哲,2019-06-05 21:48:39,"議會一讀通過的重陽敬老金自治條例，今天已經進入法規委員會審查。
　
為此，台北市政府提出了對案，我們主張維持目前的發放模式，也就是設有排富條款，只有低收入戶、中低收入戶，以及原住民的長者可領重陽敬老金。
　
依照議會一開始提案的版本，那種齊頭式、一次性的重陽敬老金，今年在台北市要花11億多，以後隨著社會高齡化，預算會再跟著增加。
　
政府的預算就這麽多，要增加11億多的支出，那麼議會應該告訴我們要刪掉那些預算項目來擠出這些錢。如果不刪其他預算，那就直接要求北市府增加舉債，反正債留子孫也不是大家關心的事。
　
沒有財源計畫，只片面要求增加支出，這是不負責任的。
　
其實，市府如果可以擠出錢來，作為一個醫生市長，我會優先補助老人的健保費，讓所有老人有健保的涵蓋保護。比起每年發1500元，然後其他的就不管了，我認為何者優先應該很清楚。
　
我們還是希望照顧老人的健康為優先，與其一次性的發錢，這個方式對社會比較有實質效益。
　
我們不是製造世代對立，而是讓這個城市、這個國家往一個「對」的方向永續發展。就是因為我們尊敬長者，所以審慎思考哪一個才是最佳方案。
　
我們應該用正確的方式，讓世代可以和諧共融地生活在一起。
　
#進步價值光榮城市",['重陽+敬老金'],POSITIVE
台灣民眾黨_柯文哲,2019-07-02 19:13:31,"【居住正義政策的檢討】
　
這幾年，在居住正義的落實上，我們蓋了全台灣數量最多的公宅，調降了單一自住的房屋稅。我們很努力做，但還有很多可以檢討反省的地方：
　
#公宅流標數太多

公宅進度落後跟這件事有很大的關聯性，很明顯，我們在設計發包過程出現問題，才會出現三興段公宅總共流標六次這種情形。

我也要求預算編列到執行的時間必須縮短，否則時間因素造成的物價變動，影響廠商投標意願。同時，減項施作、預付部分款項也是我們可以做的，未來每一次的流標，都要寫檢討報告，我都會親自批改，不能把流標當作理所當然。
　
#社會住宅定位不清

過去台北市政府蓋了很多「宅」，有國宅、整宅、平宅、中繼住宅，每一項的申請資格、租金計算方式，甚至是補助都不一樣，民眾沒搞清楚，政府自己也搞混了。

未來統稱「社會住宅」，而且規格也要重新規範，比方說，聯開宅、都更分回的50、60坪大坪數的住宅，根本沒辦法當作社會住宅，因爲租金超過一般人可以負擔，所以整個規格、分佈、管理和價錢，市府要重新思考。
　
#一律採最有利標

前幾天，我才在晨會罵一個以前的案子，得標價竟然比底價還低11億元。低價搶標，結局是公司倒閉，然後我們接手之後，為了善後傷透腦筋。

公宅之所以被很多人當成鄰避設施，就是對政府的管理和品質沒有信心，所以從我開始，所有建築都一律採最有利標，蓋出來的東西要符合城市美學，而且把公共空間拿來做大家所需要的托嬰、托幼、托老，以及居民活動中心。只有用最有利標，才能確保品質。
　
#包租代管誘因不足

到目前為止，台北市包租代管的數量只有1千戶，然而台北市超過一年以上沒有住人的房子高達3萬6千戶，顯示包租代管政策需要修改。

從重陽敬老金我學到一課：政治上要「先給後拿」，所以接下來，單一且自住的房屋稅會從1.2%降到0.6%，單一且自住地價稅也考慮調降，讓只有一棟房子、真正在住人的有優惠，接下來才是透過空屋稅或其他手段，讓更多空屋釋出。
　
-
政治還是要落實在人民生活的每一天，坦白說，人民的生活才是施政重點，甘特圖、行程表還是要做得到才算數。
　
我們要重新建立國家治理的秩序，扎實的做好每一件事情。
　
#國家治理
#居住正義
#進步價值光榮城市

---
加入我的Line@，我會每天給你最新的市政資訊
https://line.me/R/ti/p/@kpteam",['重陽+敬老金'],NEUTRAL
台灣民眾黨_柯文哲,2019-09-05 14:05:19,"走到台灣各地，我發現台北市正在慢慢影響其他縣市。
　
✔︎ 我們建置的「#酷課雲」系統，裡面有將近七千支教學影片，涵蓋國小、國中跟高中課程，這學期開始，#嘉義縣 的學生就可以使用這個平台，在線上跨校選修課程，跟台北市的學生共享教育資源。
　
✔︎ 台北市的營養午餐，九月開始，每週都會供應一餐 #有機蔬菜，從雲林產地直送台北的學校，每週需要的蔬菜量高達15噸，這會對 #雲林 的農業升級有相當大的幫助。我們透過消費的改變，鼓勵大家生產高品質的農產品，來協助農業升級。
　
✔︎ 在財政紀律上，因爲我們堅持不債留子孫，讓大家開始重視「#精實管理」的議題，不再主張沒有排富、齊頭式的社會福利制度。媒體報導，#彰化縣 的重陽敬老金也加入排富條款，騰出更多空間在其他社會福利項目上，這也是一種進步。
　
✔︎ 這個月，我們要去馬祖進行市政交流，台北市不只讓市立聯合醫院支援 #馬祖 的醫療，還輔導成立離島第一個「#慈悲關懷社區」，引進社區醫療與長期照護，也讓生命與臨終照護議題可在離島的社區紮根。
　
改變台灣，從首都開始，很多台北的作法會影響其他縣市，新的政策台北市帶頭去做，成功之後，再推廣到其他縣市，也節省大家研發的費用。
　
努力做好台北市政，就能一點一滴的改變台灣。

---
加入我的Line，我會每天傳給你最新的市政資訊 
https://line.me/R/ti/p/@kpteam",['重陽+敬老金'],POSITIVE
民主進步黨_林宜瑾,2019-10-02 11:58:52,"重陽敬老金今天發放囉！

敬老金兩種發放方式：1.匯進戶頭 2.里幹事到府發送。
這幾天可以帶長輩去刷存簿、或是稍等里幹事送現金來唷！

但是也要注意，
不要隨便提供帳戶、印鑑給陌生人，
避免詐騙集團有機可趁！

如果沒領到，或有其他問題，
請在10/16至11/29間向各區公所詢問。

#林宜瑾祝您平安快樂
#未來交給林宜瑾
#2020台灣要贏",['重陽+敬老金'],POSITIVE
民主進步黨_蘇治芬,2019-10-02 13:03:23,"阮兜的世大人說
我想惦惦領重陽敬老金 可以不要出來頒獎嗎

#過去免排隊直接匯到老人家的戶頭
#發錢時還有發張嘉郡的扇子ㄟ",['重陽+敬老金'],NEUTRAL
台灣民眾黨_柯文哲,2019-10-17 19:42:27,"【做對的事情，沒那麼簡單】
　
昨天監察院公布報告，全台灣的重陽敬老金已經從民國100年的48億元，飆升到現在的89億元，隨著未來幾年台灣社會快速高齡化，破百億是預期的事。
　
坦白講，同樣的支出，我認為可以有更好的運用。例如，挪一部分作為推動長照產業發展的經費，例如台北市的「石頭湯計畫」以及「慈悲關懷社區」等先進的長照制度推到全台各地，可使整個台灣的長照體系更完整，甚至可以開展相關的就業市場。
　
可惜，大撒幣政策還是當今台灣政壇的主流，目前全台灣在敬老禮金上有排富機制的只有台北市、新竹縣與彰化縣。大家其實都知道不該有錢沒錢發一樣的錢，卻沒有人要扮黑臉，而是把責任推給中央，希望可以訂定統一的發放標準。
　
上面提到的彰化縣，正是因為縣政財政困難，才把原先每一年可以領到9千塊的重陽禮金刪減額度，並加入排富機制。這又回到我的「問題論」：「把所有的小問題都解決，就根本沒有問題」，換句話說，如果早個幾年洞見這個制度背後的嚴重財政問題，而不是到了選舉就拼命加碼，選後捉襟見肘的問題根本不會發生。
　
直到今天，我走在路上，還是遇到很多長者希望台北市可以拿掉敬老金的排富條款，「保證民調多10趴」，我才知道為什麼沒有縣市首長敢扮黑臉。但是我們仍然以專業意見為重，重視財政紀律，才能夠堅持到現在沒有動搖。
　
去年那首歌，「Do the right things, do things right」，很多人說這有什麼希罕，但從重陽敬老金這件事情來看，做對的事情，還真的需要勇氣。

#重視財政紀律
#社會福利排富
#進步價值光榮城市",['重陽+敬老金'],POSITIVE
中國國民黨_侯友宜,2020-10-24 20:00:03,"家有一老，如有一寶，所有長輩都是新北市的寶貝。

明天就是 #重陽節，日前我來到 #新北蘆洲 拜訪高齡102歲的 #張珠 女士，送上禮金和阿嬤愛吃的綠豆糕，預祝她佳節快樂。張阿嬤活力滿滿，還現場演唱了一小段 #採茶歌，看來長壽的不二法門就是開開心心過每一天。看到溫柔善良的她就想到我的母親，市政繁忙，因此回家陪媽媽的時間都格外寶貴，希望大家好好把握時間，常回家陪伴家中長輩。

新北社會局 維持往年贈年滿65歲以上長輩 #重陽禮金，因疫情關係，許多長輩都改以匯款方式領取，已在本月14日匯出，其餘則在17日開始發放現金，我也到 #新北中和 #哈客館 感謝第一線工作人員。還沒領的市民朋友別忘了在12/17前，到新北市各地區公所公布的領取地點，鼓勵長輩們利用重陽禮金至聯合醫院做 #敬老金專案健檢，才能健康呷百二。

#新北好貼心 #新北呷百二 #安居樂業 #侯友宜",['重陽+敬老金'],POSITIVE
民主進步黨_王美惠,2021-08-03 18:00:18,"📣📣【讓民眾自由選擇想要的方式，才是振興經濟，振奮民心最好的方式】

隨著疫情趨緩，警戒降級和逐步解封，接下來政府最重要的任務就是重振經濟。

去年振興三倍券的預算總經費爲510.51億元💰，行政費用卻高達22.56億元💰，其中實體券及外包裝印刷費的支出就高達6.7億元💰，另外花了近億元💰在三倍券系統建置費用上。若是可以將這些衍生出來且非絕對必要的行政支出節省下來，不止有助於減少財政負擔，還可以再加碼回饋給民眾。

根據民調指出有超過6成的民眾，支持以 #全民普發現金方式振興。民眾所表訴的意見，實際上是最快速且成本最低的做法，也是民眾最期待最有感的方式。

阿惠認為，這次振興券的發放模式，應該要與去年有所區別。去年領取紙本券人數約有2151萬人✍️，數位綁定約有181萬人✍️。政府應該正視去年花費了大筆經費建置平台，使用數位券比率只有7.7%左右，有 #使用率過低的問題。若讓民眾像上次一樣大排長龍到郵局或超商，領取紙本券，可能會 #造成防疫破口也擾民。

阿惠建議，目前國人施打疫苗，都可以透過1922平台，選擇施打疫苗品牌。未來發放振興券，也可以考慮使用現有的系統，比照疫苗意願調查的方式，#給予民眾自由選擇振興券發放方式的權利。
選擇✅一、紙本券，✅二、數位券，或是✅三、現金。
意願登記完成後，政府再依民眾意願數量印製紙本，或直接將現金依民眾登記帳戶匯款。另外不熟悉網路操作之長輩，若未上網選擇意願，統計結算後，也可依發放重陽敬老金之方式請村里長 #協助發放。

阿惠呼籲，不管幾倍券，要讓民眾好領取、好使用，才是好券，也才能真正達到活絡經濟的目的。

#立法委員王美惠
#振興券",['重陽+敬老金'],POSITIVE
無黨籍_趙正宇,2021-10-14 07:00:59,"今天是九九重陽節
有多久沒跟家中長輩
面對面聊天了呢？

咱的長輩👵🏻👴🏻心肝寶貝
「陪伴」是最珍貴的禮物
重陽節陪長輩散散心聊聊天
在這個珍貴的節日裡
祝福所有長輩健康久久、平安久久
🍀重陽節快樂🍀

🧧桃園市重陽敬老禮金🧧

🍁申請資格🍁
🔹在重陽節當日已滿六十五歲之市民或已滿五十五歲之原住民，並設籍本市達六個月且有居住事實者。
🔹經衛生福利部馬偕計畫審核通過，並居留本市之外國籍人士。

🍁補助標準🍁
🔹未滿九十九歲者，每人新臺幣二千元
🔹年滿九十九歲者，每人新臺幣二萬元

🍁發放方式🍁
🔹未滿九十九歲者，由區公所於重陽節前五日，匯入其郵局或指定金融機構帳戶。但有特殊原因，經向戶籍所在地區公所申請核准者，得發放現金
🔹年滿九十九歲者，由區公所指派代表發放現金
🔹年滿一百歲者，得由本府社會局或區公所指派代表發放之

🍁應備文件🍁
🔹申請書
🔹身分證影本或最近三個月內之全戶戶籍謄本
🔹郵局或農會帳戶影本
🔹申請人印章

☎️聯絡電話：3339090、3350598

#重陽節 #敬老 #九九重陽節 #健康
 #桃園 #重陽 #敬老金 
#立法委員 #趙正宇",['重陽+敬老金'],POSITIVE
民主進步黨_何志偉,2021-10-21 17:35:24,"「盪鞦韆計時器」失敗！別讓孩子的童年變成 #魷魚遊戲

是因為看了最近的「魷魚遊戲」，北市府突發奇想？還是便宜行事，以為讓每一座盪鞦韆都放置一個鬧鐘，大家照規矩三分鐘完一輪，就不會有爭議？然而，柯市府是否忽略了，「公園就是讓小朋友學習交朋友、成長與社會化最重要的地方」？更忽略了政策要與社會溝通，而不是斷然行事，想做就做？無怪乎許多家長團體大聲疾呼、積極連署，反對這樣的政策。

文／何志偉　立法委員

全文： 
能夠看到孩子的笑容，是父母衷心的期盼。而政府是否能讓孩子盡興遊玩，可能也是整體國家進步、幸福的原動力。不過，近來有兩件事我的大感不解。第一，是兒童遊具的檢驗量能不足；其二，就是北市府的盪鞦韆計時器。兩件事雖然「殊途」，但其實都「同歸」於政府如何為學童付出幸福的努力。

昨天，筆者偕同家長團體，向衛福部與經濟部反映，全國超過8,791家的兒童遊戲場中，共有約2萬座遊具，但僅僅只靠28人進行檢驗，備查率僅33%。不只是小朋友望著遊具乾瞪眼到國中畢業，也讓基層檢驗人員身涉過勞險境，作為民意代表，我期期以為不可。「小朋友的童年與歡笑是珍貴的」，遊具的軟硬體設備也不應被迫浪費。盼中央相關單位不要再互踢皮球，趕快解決這項問題。

上述問題，我相信相關單位會開啟溝通平台，努力協調，無論是檢驗量能與標準，都能盡速達成一致的共識，重點在於如何讓小朋友玩得安全、玩得愉快。如果最終能讓困境獲得解決，讓孩子能夠開心玩樂，這就是民意代表與政府最大的滿足所在。

不過，北市府最近推出的「盪鞦韆計時器」，著實令人納悶與匪夷所思。筆者實在看不懂，為何台北市政府與柯文哲市長，要進行這樣多此一舉且毫無約束力的政策？最後，還鬧出不過才一個月的試行階段，計時器便半數毀壞，小朋友更可自行調整機器，把3分鐘改成1小時的糗事。

是因為看了最近的「魷魚遊戲」，北市府突發奇想？還是便宜行事，以為讓每一座盪鞦韆都放置一個鬧鐘，大家照規矩三分鐘完一輪，就不會有爭議？然而，柯市府是否忽略了，「公園就是讓小朋友學習交朋友、成長與社會化最重要的地方」？更忽略了政策要與社會溝通，而不是斷然行事，想做就做？無怪乎許多家長團體大聲疾呼、積極連署，反對這樣的政策。

鞦韆遊具若有不足必須要排隊，北市府可以構思的方案很多，包括數量增建、豐富遊具種類。誰說公園裡只能一座盪鞦韆？更重要的，是讓小朋友學習如何彼此溝通，互相協調遊戲共識，讓盪鞦韆除了遊樂之外，兼具小朋友成長的重要功能。

最近網路流傳家長團體的學童訪問，很有趣，很多小朋友說「我們可以自己討論遊戲的時間阿」、「可以問他可不可以換人玩了不就好了」、「我可以人少的時候再來玩呀」、「為什麼不蓋多一點？」。對正在學習交朋友的小朋友來說，公園就是他們的社交場所，學會懂得去問、去討論、去溝通、去互動，這是學童成長最重要的經驗與經歷。而小朋友其實也懂，也知道盪鞦韆是自己可以擁有的權利，這樣的權利可以跟其他人共同討論出一個共識，讓小朋友共同分享這個遊戲的權利。而不是一個沒有討論、說一就一的政策，在沒有共識下，要求所有的人都遵行。

「盪鞦韆計時器」只是冰山一角。柯市府近年來有許多的政策，毫無前置規畫、沒有溝通。從一開始的停發重陽敬老金，到最近的捷運站周邊機車停車格逐步擴大收費等。柯市府上任以來，這些政策都從未進行有效的社會溝通，說做就做，等到民怨反彈擴大、發現實際的政策落實與規劃的想像落差甚遠，才又暗自縮手。這樣一來，不只浪費政策資源，也多耗費許多行政成本，原本的政策美意也盡失。

回歸的政策的初衷，是讓孩子能夠「盡興遊玩、快樂成長」，給小朋友設置兒童遊具遊戲的意義，不就是讓他們透過遊戲來成長嗎？因此，唯有合格、安全有效的遊具，以及不惱人的兒童遊具政策，才是回歸讓孩子快樂的公共政策。",['重陽+敬老金'],NEGATIVE
中國國民黨_王鴻薇,2021-11-10 15:39:42,"#國民黨提案推動
#北市重陽敬老金恢復

柯文哲在上任後，粗暴停發台北市的重陽敬老金，今天台北市議會表決通過國民黨所提的「臺北市重陽敬老禮金致送自治條例」，重陽敬老禮金法制化，將恢復發放！

也希望市府不要再提覆議，全台灣的長者都領得到，台北市的長輩不是二等公民！",['重陽+敬老金'],POSITIVE
中國國民黨_王鴻薇,2021-11-10 16:08:40,"#柯文哲還要提覆議推翻重陽敬老金嗎
#民眾黨沒有投反對票啊
＃依附民進黨的議員真悲哀

從柯文哲擔任市長以後被強行取消的台北市重陽敬老金，今天在 ＃議會三讀通過 了由國民黨提案的重陽敬老金自治條例。上周柯文哲說如果議會通過要提覆議，也就是要議會重做表決，準備否決議會的決議。看到今天議會的投票贊成票數，柯文哲還要提覆議嗎？

第一，過去在議會裡曾經附合你不重發敬老金或是一再高喊要排富的民進黨議員，今天幾乎都投下了贊成票。甚至連具有民眾黨籍或是親民眾黨的議員，不是棄權就是跑不見了，柯P你還要提覆議案嗎？

第二，今天國民黨為了讓自治條例能夠順利過關，並且兼顧社會觀感，所以提出臨時修正動議，在原條文增加了排富條款，但過去一再高喊要排富要排富的在野黨和民進黨，竟然投票反對排富。反正議會是合議制，所以最後通過了是沒有排富的自治條例。國民黨已經回應了其他政黨過去的訴求，今天是你們這些過去喊得震天價響，背叛了昨天的自己。（反正也不意外，這種政治人物太多了）

第三，今天我聽到長期依附民進黨的在野議員黃郁芬高喊「國民黨多數暴力」，我都快噴飯了。眼睛瞎了嗎？多少民進黨議員投下贊成票，怎麼不敢去譴責民進黨哩？立法院裡多少次多數暴力，你有敢吭一下嗎？人家理都不理你。",['重陽+敬老金'],NEGATIVE
台灣民眾黨_柯文哲,2021-11-10 19:00:46,"臺北市不走回 #一次性 福利的老路
 
以前重陽敬老金每年發一次，紅包袋裡裝1500，封面印著市長大名，民政局再挨家挨戶去發送。試問，送上門的錢誰不要？但這筆錢真的是在敬老嗎？還是為了選舉在綁樁?
 
2014年，重陽敬老金一年7億，隨著人口逐漸老化，預算連年增長，111年就要13.5億、112年14億…。
 
#敬老不該只在重陽節
 
事實上，台北市的重陽敬老金仍然在發放， 只是加上排富，#低收與中低收入戶長者每年都可領取，而台北市社會局編列的老人福利支出，更是每年都在增加，103年我上任前編27億，到110年編列了56.7億，足足多了一倍。臺北市老人關懷福利據點大量增加，方便老人共餐 #提高長輩社會參與。

我們鼓勵長者出門活動，一年補助老人乘車費12億。既然醫療是基本人權， #北市拿出31億補助長者的健保費，每人一年就補助了9912元，等於是 #重陽敬老金的6倍以上。而這56.7億，還沒計算衛生局等其他局處的老人福利。
 
我的任期只剩一年了，我依然堅信國家的預算應該用在更長遠的計劃上。今天市議會逕自表決通過「臺北市重陽節禮金自治條例」法案，不顧財政紀律，也排擠長期的老人社會福利建設。此外， #依法議會不得為增加預算支出之法案， #逕行通過此種增加支出的自治條例有違行政權與立法權分立的原則，也違反大法官釋字391號精神，北市府會堅持政治價值、財政紀律，因此，我們會向臺北市議會 #提出覆議案。

堅守財政紀律，堅持長遠的規劃，讓有需要的弱勢得到他需要的，才是社會福利的真義。
 
 
#拒絕靠重陽敬老禮金選舉綁樁
#進步價值不容倒退",['重陽+敬老金'],POSITIVE
台灣民眾黨_蔡壁如,2021-11-11 12:57:25,"抖內我們 ，讓民眾的聲音更強大
👉 https://member.tpp.org.tw/i-want-to-d...

⚠️ 訂閱「民眾之聲」本頻道，就可於聊天室留言互動囉！⚠️

#政論節目 #黃揚明 #蔡壁如 #秦詩雁 #楊寶楨
#公投 #反萊豬 #朱立倫 #中二補選 #顏寬恒 #林靜儀 #蔡英文

每週四中午12點，最熱門的議題，最即時的時事，最火線的名嘴與來賓，請鎖定民眾之聲Youtube頻道全新帶狀節目「踢批批開講Live」，全新上線，直播開講！

---
【今日開講話題】

👉網路瘋傳! 陳時中""老司機""畫面外流 脫罩唱歌還有女侍坐陪? 衛福部緊急滅火!
👉重陽敬老金起死回生? 北市議會藍綠聯手闖關 北市府堅決反對將提覆議!
👉僅8%民眾知道公投日! 民調曝“反萊豬同意票居冠” 民進黨“反美”牌失效!
👉藍“四同意”鬧分歧? 核四重啟...侯友宜避談 林姿妙反對 朱立倫見風轉舵?
👉公投政見會登場! 黃士修一挑五激辯呱吉苗博雅...挺核反核誰佔上風?
👉不滿""上駟對下駟""! 朱立倫中離政見會掀黨內反彈...藍營茶壺風暴未歇?
👉中二補選""顏寬恒vs林靜儀""! 綠挖顏家黑歷史 藍譏""女版陳柏惟""...比誰不爛?
👉蔡英文大內宣""台灣出口創新高"" 對中出口依賴卻激增...戒不掉糖衣毒藥?

---
誰來開講

🗣 楊寶楨（主持人）
🗣 資深媒體人／黃揚明
🗣 立法委員／蔡壁如
🗣 民眾黨桃園市黨部代理主委／秦詩雁

---
手刀訂閱民眾之聲YouTube頻道
https://bit.ly/36udSKP",['重陽+敬老金'],NEUTRAL
台灣民眾黨_柯文哲,2021-12-15 18:40:04,"#對的事做就對了 
#雖千萬人吾往矣
#晚上九點yt見 

就在今天下午三點，我們已經將 #重陽敬老金 覆議案送到台北市議會。

11月10日， 台北市議會逕行通過重發 #重陽敬老金自治條例。基於以下理由，我無法認同這樣的決議，北市府已送出覆議，我也要向所有台北市議會的代議士、市民朋友、甚至全國人民，述說我堅持的理由：

一、立法機關逕自通過增加預算之法案，#違法違憲

要人民守法，政府要先守法。根據釋字第391號解釋：#立法機關不得為增加支出之提議。如果臺北市議會要重發敬老金，要先說明錢要從哪裡來？否則此例一開，以後議會想要大撒幣，搶自己的選票，就可以隨便喊價，要求縣市政府埋單，這已經違背了行政權與立法權分立的原則。

二、各縣市政府狂舉債、#債留子孫

根據監察院2019年的調查報告，地方政府財政狀況普遍欠佳，卻每年發放重陽敬老金，5年增幅高達8成，光是107年全台就發了89億。 #監察院 早已要求 #衛福部 要督促各縣市政府檢討，不能因此排擠其他社福經費運用， #造成社福資源嚴重錯置。如今，全台各縣市長還是在重陽節挨家挨戶用紅包袋發錢給長者，借錢舉債，#用你的錢買你的票，典型的債留子孫！

三、老年比例逐年升高 青壯年負擔日益沉重

台灣超高齡社會將在2025年到來，老年人口將多達469萬、扶老比高達30.9%，等於每3個年輕人要扶養1位老人。而臺北市目前65歲以上人口已有50萬2686人，老年人口比例很快就要突破20%，如果普發長者敬老金，明年至少要發10.8億、後年是11.1億，2028年會超過13億、2031年14億，這是年輕人扶不起的未來。

四、不利長遠規劃 #一次性社福禮金應徹底檢討

照顧長者不是只有在重陽節這一天，更長久的長者照護系統必須先建立。光是社會局的老人福利服務支出，就從我上任前的27億增加到109年的58億，我們增加 #老人日間照護地點、 #補助九成左右長者每年9912元的健保費、增設 #長者專屬運動場域、增加 #捷運站出入口電扶梯，我們要讓臺北真正成為 #高齡友善 的城市。

一個禮拜後，台北市議會要為台灣寫下什麼樣的歷史？是一群進步的議士朝著促進國家社福政策，有規劃、有理想的前進，不計較選票流失？ 還是集體的墮落、為爭取選票而妥協？

在此，我誠懇的期盼各位議員、市民朋友，和我一起捍衛臺北市財政紀律、站穩光榮城市的價值，臺北市不能走回頭路，讓我們 #一起堅持兼顧國家整體利益的社會福利，讓我們勇敢，不管有沒有選票，一起挑戰、說服這個世界！",['重陽+敬老金'],NEGATIVE
台灣民眾黨_柯文哲,2021-12-20 07:30:16,"早安~美好的一天~昨晚有睡好嗎？

就在兩天後，12/22（三）下午2點 
#重陽敬老金 覆議案就要在台北市議會表決。

接下來的每一天，我會告訴大家，臺北市的 #長者福利支出 是怎麼樣有系統、有目標的被善用。

這幾年，臺北沒有普發1500元，但光是104到110年，社會局 #五大老人福利政策預算，就整整增加了26億。

為了讓每位長者都能有享有基本的醫療權益，將近九成的臺北市長者 #健保費是由臺北市直接補助，每人每年最多9912元，遠遠超過1500元的四倍。

這張長輩圖，請幫忙轉發給所有你認識、認為應該知道這項資訊的人，請拒絕 #一次性禮金發放，支持 #可長可久的社福規劃！

#我們都會老 
#認同請分享",['重陽+敬老金'],POSITIVE
台灣民眾黨_柯文哲,2021-12-21 08:04:49,"晨起一聲早~~

今天的 #長輩圖 要告訴大家，我為什麼反對一次性福利津貼發放。

其實發 #重陽敬老禮金 一點也不難，反正錢又不是自己的，都是納稅人的血汗。但作為一個負責任的政府，我還是認為不該舉債濫發、債留子孫。

從105年開始，台北市只針對中低收入戶發放重陽敬老金，因為社會福利要留給有需要的人。我們必須面對一個事實，台北市的老年人口即將突破20%，全國第二高。

高齡化已經不可逆，老年人口逐年攀升。如果臺北市要普發重陽敬老金，明年至少要10.8億，2028年13億、2031年就要14億。

這種一次性禮金完全沒有國家建設的長遠規劃，也排擠一般社福預算支出，迫切需要檢討。這不是我說的，這是 #監察院2019年的調查報告。https://www.cy.gov.tw/News_Content.aspx?n=213&s=14719 

你可以不支持柯文哲，但你必須支持台灣長遠的未來。

#認同請分享 
#認同請按❤️",['重陽+敬老金'],NEUTRAL
台灣民眾黨_柯文哲,2021-12-22 13:25:42,"台北市議會在今年11月10日通過 #不排富發放重陽敬老金 議案，為了堅持「財政紀律、永續發展」理念，我們提出覆議，議會將於今日表決。

本來議會應該讓我去議會報告，完整說明後再表決。但是很遺憾的，他們不讓我去議會報告，所以我決定站在這裡、向所有市民報告... 請收看並分享這段直播，讓我們一起思考，我們要為台灣打造一個甚麼樣的未來....",['重陽+敬老金'],POSITIVE
中國國民黨_王鴻薇,2021-12-22 18:32:38,"＃柯P最好讓民眾黨在立院提案全面刪除縣市重陽敬老金
＃柯P最好2022選舉主打全面刪除縣市重陽敬老金
#柯P最好選總統時政見主打全面刪除縣市重陽敬老金
既然刪除重陽敬老金是這麼重要的進步價值，請柯P記得，不要只在台北市練。
柯市長為了拒絕發放重陽敬老金，向台北市議會提出覆議案。今天再次敗北，但之前柯P為了合理化自己的政治賭注，天天練了一堆肖話「議會集體墮落」「國民黨民進黨合作」，既然狠話放盡，柯P不應把自己嘴巴裡的「進步價值」只在台北市操作，這不是太可惜了。這麼偉大的理想價值，一定要在全國推動！
台北市停止發放重陽敬老金，其實程序和蔡政府讓你吃萊豬如出一轍，在柯P第一次選舉前他沒有告訴你這麼「崇高」的理想和政見，但一當選就自行刪除重陽敬老金。等到把年長的選民給得罪了，結果花了更多的錢去做老人共餐，老人旅遊等等，在選舉年前夕，則以防疫之名，把一人1500元從現鈔的形式換做儲值在敬老卡，請問，錢有少花嗎？
這陣子柯P把重陽敬老金拿成世代對立的操作，大談進步價值。既然柯P心中對重陽敬老金發不發有這麼崇高的「價值」，柯P並非只是台北市長，他也是民眾黨黨主席，民眾黨必須窮全黨之力推動這個價值才對，明年縣市長和議員選舉，柯P也必須吾道一以貫之，繼續推動各縣市刪除重陽敬老金發放。
如果沒有做到上述的行動，所謂的進步價值根本是在放屁。再講得一付道貌岸然，真的演太大了。",['重陽+敬老金'],NEGATIVE
民主進步黨_林俊憲,2022-07-26 17:27:21,"都是they的錯？乾脆說自己是傀儡市長什麼都不知道算了。

柯文哲最近接受專訪，認為貿然砍掉重陽敬老金是個錯誤，但智商157怎麼可能會出錯呢？果然柯文哲把責任都甩到已經離職的社會局長上，再對照一下北市府驚人的首長離職率，似乎一切都說得通了。

8年的任期即將結束，但柯文哲似乎還未搞懂他身為市長的責任究竟是什麼。1個人要管理數萬人的市府、而數萬人的市府要管理數百萬人的城市，政治的本質就是讓少數人代為處理龐雜的社會管理，有問題時找得到人反映就好。講得直接一點，市長的業務其實就只有兩個字：負責而已。

要不要停發敬老金沒有一定對錯，端看如何考量而已，但我只想問柯文哲一句話：停發不是你決定的嗎？難道是底下的人偷偷拿你的印章在公文上蓋章、你也是看報紙才知道嗎？難怪市府首長離職率如此之高，久而久之施政也趨於保守，不做就不會錯，市民滿意度長年墊底，解答就在這裡。

市長不需要是超人，但要是一位優秀的經理人，代表市政團隊接受民眾的批評，如果連這點都做不到，那還要市長幹嘛？各局處自己面對市民就好了；同樣的，市府團隊既然好壞都要自己扛，那何必要經過市長這關？甩鍋甩到把自己架空了都不知道，其中的大智慧，我們凡人恐怕難以參透。",['重陽+敬老金'],NEGATIVE
民主進步黨_何志偉,2022-07-27 12:20:02,"「十多天」的陳時中 vs「兩個月」的蔣萬安。 來看看對於台北市的市政願景：

蔣萬安委員被國民黨提名至今已經兩個多月，但至今沒讓人印象深刻的政策、願景，讓人對他的擘劃市政能力要打個問號。
除了缺席與外交專業息息相關的美國獨立紀念日酒會，對於青年、外交人才培育的Model APEC，這次雖然遲到，但總也是比不到還要好。「我也要問，從被提名至今已經兩個多月，準備台北市長已久的蔣萬安委員，對於台北的願景、政見，是不是也還沒讓人看到呢？」

我認真思考很久，也簡單整理目前蔣萬安委員所提出的「政見」。
一、若當選市長，會把重陽敬老金調高到1500元。
二、打造台北市成為寵物友善的城市，外加想要領養一隻貓。
三、號稱很早就提出許多防疫建議。
四、希望將台北市打造成真正育兒友善的城市，稱在立法院推動很多育兒政策。

看完這些，我必須說，真的沒什麼記憶點，除了重陽敬老金的話題是老調重彈外，蔣萬安是一個「很有想法、很認真的立委」，所以，我覺得就讓他繼續在立委的職務上，做好立委的工作就好。讓真正有魄力、對台北施政有願景的陳時中，擔任首都市長，為台北市民服務。

我自己也是台北市民，也有一票，這票 ＃我挺阿中部長  ，但是蔣萬安身為市長參選人之一，應該也要接受選民的檢驗，身為選民之一的我，就要對蔣萬安被提名至今仍然未出現的政策，提出最深切、最誠懇的疑問，「蔣萬安委員，請問你今天要參選的是立委，還是市長呢？」。

可以看到，陳時中從被提名至今短短十多天，從一開始說出「責任來，我就扛。防疫是這樣，選舉也是這樣」。競選團隊也已經快速組織成軍，而他也立即與議員結合，傾聽最基層的民意，像是昨天晚上，他就很有魄力的說出「加強加快推動內湖捷運路網規劃、振興737商圈」等做法，讓人看到陳時中的執行力、擘劃市政願景的能力，未來他也不只是「防疫指揮官」，相信會是一個稱職的「首都規劃師」。

反觀蔣萬安，先不說整體的市政願景、市政白皮書還沒看到，現在每天的天氣炎熱，對於台北上下班通勤族每天最密切的議題，像是交通改善做法、政策，「你準備好了嗎？」",['重陽+敬老金'],NEGATIVE
台灣民眾黨_柯文哲,2022-08-21 15:45:22,"#今晚我想來點真心話 重磅回歸！

昨天播出第二季ep01上集，很多朋友看得意猶未盡、敲碗說不夠，別急別急，下集馬上奉上！

精彩內容～V編搶先爆：
1. #重陽敬老金 拍板秘辛，幕後大揭密！
2. 亞斯伯格市長沒溫度？其實他很關心，只是不說⋯
3. 北市推「 減止訟」，化解官民對立
4. 你知道北市公園、人行道都有保險嗎？

真心話聊到最後，柯P終於問了珊珊 副市長他深埋在心中很久的疑問。只是，這段內容涉及國家機密，可能會被 #監察院 封存30年，也可能因違反「 #數位中介服務法」，遭整段刪除⋯⋯

黃珊珊 到底說了什麼？！

就在今晚（8/21）20:00 臉書首播
2100 柯文哲YT 讓我們繼續看下去

當數位中介服務法上路⋯真心話就不再有趣了｜今晚我想來點真心話S2 EP02",['重陽+敬老金'],NEUTRAL
台灣民眾黨_柯文哲,2022-08-21 20:00:07,"#今晚我想來點真心話 重磅回歸！

昨天播出第二季ep01上集，很多朋友看得意猶未盡、敲碗說不夠，別急別急，下集馬上奉上！

精彩內容～V編搶先爆：
1. #重陽敬老金 拍板秘辛，幕後大揭密！
2. 亞斯伯格市長沒溫度？其實他很關心，只是不說⋯
3. 北市推「 減止訟」，化解官民對立
4. 你知道北市公園、人行道都有保險嗎？

真心話聊到最後，柯P終於問了珊珊 副市長他深埋在心中很久的疑問。只是，這段內容涉及國家機密，可能會被 #監察院 封存30年，也可能因違反「 #數位中介服務法」，遭整段刪除⋯⋯

黃珊珊 到底說了什麼？！

就在今晚（8/21）20:00 臉書首播
2100 柯文哲YT 讓我們繼續看下去",['重陽+敬老金'],NEUTRAL
民主進步黨_蔡易餘,2022-08-31 13:06:50,"登記參選 我承諾若當選市長提高市民重陽敬老禮金！

今天是我人生重要的日子，就是到市公所登記參選朴子市長，我想要打造朴子新核心，建立文化新軸線」，中央、地方一條線，一起攜手啟動朴子，我也在現場承諾未來當選後，提高市民重陽敬老禮金至1000元。

朴子市是嘉義縣海區的消費生活中心，是歷史悠久的城市，有豐富的文化底蘊與成熟的商業圈，因此這次我的主軸就是「打造朴子新核心，建立文化新軸線」，與翁章梁 Weng Chang-Liang縣長和蔡易餘 家己人委員共同啟動朴子。

朴子市在王如經前市長時代還清大部份債務，市公所財政狀況有盈餘，我將全面提升社會福利，提高市民重陽敬老禮金到1000元，照顧好長輩享有尊嚴的樂齡生活，並讓年輕人減輕負擔，成為一位最照顧市民的市長。

除提高重陽敬老金外，我也將在朴子市公園增設現代化銀髮族運動器材，讓長輩享受運動也強壯身體，以及強化朴子老人長照C據點，積極推動長照服務，提升長者入托品質。

最後要感謝翁章梁縣長、陳明文、蔡易餘委員、少年虎將 陳怡岳副議長、前市長王如經以及朴子農會田志強總幹事一路以來支持我，今天特別陪同我登記，朴子市就是我的事，一起來啟動朴子，將嘉義縣海區消費生活中心更好！",['重陽+敬老金'],POSITIVE
中國國民黨_蔣萬安,2022-10-04 11:05:55,"重陽佳節，敬祝長輩一切萬安！

今年台北建城138年，長輩們在這座城市居住了65年甚至70年，見證了臺北城一半的歷史；他們用汗水澆灌出城市的進步，是 #打造首都的最大功臣。

我主張恢復發放65歲「#重陽敬老金」；這是每一位市民、#不分老少共同的福利；用來感謝扎根台北、奉獻幾十年的台北人。

這幾年，我穿梭過大大小小的老公寓，很心疼行動不便的長輩「#老屋囚老人」；我要推動「#大都更」，努力改善長輩的居住環境！

我在衛環委員會，觀察到台北長照制度不完善，壓得家屬喘不過氣；我進市府要推「#長照三支箭」，透過公私協力擴充長照床位，也要落實在宅安老。

過去，長者用青春打造美好城市，
現在，我們全力讓長者安心變老。
 
再一次向建設台北的幕後英雄致敬
呵護長輩，台北萬安

#你加台北就是無限
#相關政見請見留言區",['重陽+敬老金'],POSITIVE
台灣民眾黨_高虹安,2022-10-04 13:16:43,"今天是九九重陽節，虹安特別來到香村社區發展協會活動中心的樂齡學習課程，與長輩們一起參加香氛許願書籤手作課程，我也在書籤上寫下「平安」二字，祝福所有的長輩都可以平平安安。課程結束之後，虹安也穿起圍裙，戴上手套與帽子，為每一位長輩們盛裝營養的飯菜。看著每一位笑聲爽朗、健康活潑的長輩，讓人感覺十分療癒，但也了解，守護這些可愛的笑容未來是虹安的責任。

醫療科學日新月異，加上少子化的因素，台灣人口結構改變飛快，根據國家發展委員會預估，2025年台灣就將成為超高齡社會，2040年扶老比將高達50.5%，代表平均兩位青壯年就要扶養一位長輩，政府要如何布建老福系統，協助青壯年共同照顧長輩，是一個急迫且重要的課題。
 
今天也要跟大家說明我們的長輩社會福利政見 — #新竹好安老

｜社區日照好安心｜

提升社區日照中心量能，在四年內增加到 30 家公私立日照機構，搭配長照專車接送長輩到日照中心，讓子女無後顧之憂的拼事業，下班再把長輩接回家孝順。

｜敬老福利不打折｜

虹安也向長輩們保證，上任後絕對不會取消重陽敬老金，也不會取消任何既有的老人福利政策，會努力開源節流，把納稅錢都用在市民身上。

｜敬老愛心卡好用｜

升級敬老愛心卡，增加20%點數、擴大服務範圍、除了公車，再增加國道客運跟火車，讓長輩們平常想去哪裡就去那裡，不用讓特地子女請假接送。並且可以在農會、漁會直銷中心消費，未來也可用於掛號費跟部分限定醫療用品，看醫生拿藥免煩惱。讓65歲以上的新竹市民可以獲得更好的服務。
 
｜弱勢長者營養金｜

獨居長輩在家開伙份量不易估量，常常煮一次吃兩三天，不只營養不均衡，也容易吃到不乾淨的食物，針對低收入戶跟獨居長輩，我們將在愛心敬老卡內每個月額外加值1000點營養金，與各大便利超商及可使用悠遊卡之飲食店合作，讓長者可以吃的營養，吃得健康。
 
課程結束的時候，80幾歲的胡媽媽一把將虹安抱住，並且眼神堅定的鼓勵我，叫我一定要堅持下去，我們支持妳。謝謝香村社區發展協會活動中心的樂齡學習課程的阿公阿嬤今天把我當成自己的孫女來看待，虹安當選新竹市長後，一定會把政見承諾全部落實，完善老福政策，分擔子女壓力，將新竹市打造成一個長輩友善的城市。

#新竹找安 #長者心安",['重陽+敬老金'],POSITIVE
中國國民黨_李德維,2022-10-04 14:42:19,"重陽佳節，敬祝長輩一切萬安！

今年台北建城138年，長輩們在這座城市居住了65年甚至70年，見證了臺北城一半的歷史；他們用汗水澆灌出城市的進步，是 #打造首都的最大功臣。

我主張恢復發放65歲「#重陽敬老金」；這是每一位市民、#不分老少共同的福利；用來感謝扎根台北、奉獻幾十年的台北人。

這幾年，我穿梭過大大小小的老公寓，很心疼行動不便的長輩「#老屋囚老人」；我要推動「#大都更」，努力改善長輩的居住環境！

我在衛環委員會，觀察到台北長照制度不完善，壓得家屬喘不過氣；我進市府要推「#長照三支箭」，透過公私協力擴充長照床位，也要落實在宅安老。

過去，長者用青春打造美好城市，
現在，我們全力讓長者安心變老。

再一次向建設台北的幕後英雄致敬
呵護長輩，台北萬安

#你加台北就是無限
#相關政見請見留言區",['重陽+敬老金'],POSITIVE
民主進步黨_劉建國,2022-10-09 11:55:12,"昨天上午，建國與莿桐鄉長廖秋蓉的莿桐聯合競選總部成立了！莿桐是台灣蒜頭重要產地，楊桃非常好吃，也是豆皮製造最大宗的鄉鎮，全台七成的豆皮都來自莿桐，鄉民務農居多，但人口老化越來越嚴重，需要有一個細心又認真的人來顧，廖秋蓉之前曾經擔任過鄉長，這次再度參選，鄉親反應熱烈，要讓秋蓉再次當選，為莿桐服務！
⠀⠀⠀⠀
莿桐是蒜頭的故鄉，建國在2009年補選上立委，就遇上中國蒜冒充越南蒜大量傾銷到台灣的問題，我要求中央「雜糧蔬菜特作協助鑑定小組」需要有蒜農協會代表加入，也要求海關要加強查緝，讓越南蒜無所遁形。
⠀⠀⠀⠀
另外，建國爭取 #濁水溪揚塵防制，中央全力支援，幾年工程已有功效，風飛沙越來越少，中央部會與地方開設合作坊，討論社區營造與環境創生，建國和秋蓉爭取莿桐鄉臨濁水溪這一大段堤防改造，打造具有社區特色的堤段公園，像是 #饒平社區樹仔腳舊堤防 景觀整治共3期7500萬元、#五華社區湖子內段 3000萬元，社區凝聚力強，規劃做得很舒適也很美觀，成為網友打卡景點。
⠀⠀⠀⠀
秋蓉在地方耕耘多年，多次反映莿桐民眾的陳情與需求，建國與秋蓉還曾一起努力爭取：
⠀⠀⠀⠀
🔹10號道路開闢工程4500萬元
🔹9號道路開闢工程4600萬元
🔹154線(饒平、永基、麻園、六合)路面AC新鋪設4000萬元
🔹樂活公園設置「多功能活動中心-長青友善空間-」2772萬
🔹埔尾多功能活動中心B級長照據點2495萬
🔹莿桐礫間淨化工程計畫2460萬
🔹既有道路養護整建與周邊環境改程2000萬
🔹農水路改善
⠀⠀⠀⠀
建國爭取中央前瞻基礎經費建設莿桐，沒有少過！
⠀⠀⠀⠀
秋蓉這次推出的政見八大主軸有：
⠀⠀⠀⠀
📍 提高重陽節敬老金，重視長青關懷
📍 新生兒補助加碼，月領2千至周歲
📍 健全社區發展協會，修繕各村活動中心
📍 爭取都市計畫道路修繕經費
📍 推廣莿桐農產品行銷
📍 檢視鄉內產業道路，提具計畫補助養護
📍 研議辦理「我愛紅娘」聯誼
📍 凝聚執政團隊向心力，提升行政效率
⠀⠀⠀⠀
中央執政好成績，地方推薦好人才，莿桐需要會做事做對事的廖秋蓉，顧鄉親，拚未來，打造莿桐成為安居樂業的美麗農鄉！
⠀⠀⠀⠀
✅新雲林 ✅拚未來",['重陽+敬老金'],POSITIVE
台灣民眾黨_高虹安,2022-10-22 23:58:47,"｜⑥心級服務　新竹好安老｜

從虹安參選以來，新竹市許多爺爺奶奶就把虹安當成孫女一樣，對虹安有著很大的期許。虹安也知道，我的對手不斷對新竹市和藹的爺爺奶奶們放謠言，造謠高虹安如果當選就會取消長輩們的福利，即便虹安已經多次澄清，在行程中仍有爺爺奶奶會擔心地問：「虹安，妳會取消我們的福利嗎？」

虹安在這邊要向全新竹市的爺爺奶奶們再次澄清，虹安當選市長，新竹市的長輩福利「#只會多，#不會少」，#絕不會取消現有的安老津貼與重陽敬老金。不僅如此，虹安還會 #增加敬老愛心卡點數 20％，並且 #擴大敬老卡的適用範圍，可以用來搭乘各種大眾運輸工具，還能到國民運動中心、農會跟漁會消費，以及抵用掛號費跟部分醫療用品。

對於弱勢或獨居長輩，虹安會在 #敬老愛心卡內額外加值1000元營養金，讓長輩們吃得健康，活得快樂。

虹安也知道新竹市的爺爺奶奶們喜歡交朋友、喜歡動一動，熱衷於活到老學到老，我承諾提升 #日照中心、#樂齡中心、#社區照顧關懷站的量能，#升級軟硬體設備，#提供更多元的課程，並且透過 #長照專車 來接送長輩，讓長輩們可以帶著輕鬆愉快的心情在新竹市樂齡生活。

謹慎使用每一分納稅錢，把每一分錢用在市民身上，我們不僅不債留子孫，更會努力照顧好新竹市的長輩們。政府幫大家一起把長輩照顧好，新竹市的年輕朋友們才能沒有後顧之憂地為家庭、為經濟，為我們的未來打拼。

長輩交給虹安．年輕人才會心安。",['重陽+敬老金'],POSITIVE
民主進步黨_劉建國,2022-11-02 10:53:53,"昨晚建國與斗南鎮長參選人 高明達粉絲團的斗南後援會成立，台南市長候選人黃偉哲與民進黨副秘書長林飛帆、古坑鄉長候選人林慧如、雲林縣議員候選人相庭甲支綺張庭綺、吳滄得 會做事最實在、斗南鎮民代表候選人林兆騰、蔡正松、陳毅弘、陳秀章一同來力挺！偉哲市長更是贈送台南「下營」的黑豆醬油，象徵「會贏」，建國也回贈我們莿桐黑蒜頭，象徵「凍蒜」！現場湧入上千人歡喜高喊新雲林、拚未來！
⠀⠀⠀⠀
台南市長黃偉哲說，建國是我在立法院同事，我們都是農業縣市出身，時常討論家鄉的未來。台南和雲林一樣，老年人口快速增加，上次我來雲林幫建國站台，就跟我說要爭取「國家及高齡醫學暨健康福祉研究中心」，今天我又到雲林站台，本來要繼續幫他再講一次，結果建國說已經爭取到了，而且今年8月15日就開工了！有夠認真！呼籲雲林鄉親要讓劉建國當縣長，把這座研究中心竣工！
⠀⠀⠀⠀
黃偉哲同時也拿出台南 #下營 黑豆醬油送給劉建國，希望他在斗南吃芋頭肉圓時可以拿來配，而且表示「下營」就是「#會贏」，2號劉建國、斗南鎮長選3號高明達，加起來剛好就是黃偉哲5號，三個人今年都要高票當選！
⠀⠀⠀⠀
斗南自日治時期以來就是交通樞紐，是山線海線人潮來往、糧食運送的重要交會處，要上國道的、要上火車的，都在斗南！所以建國一直努力爭取斗南交通建設首要，包括：
⠀⠀⠀⠀
1⃣ #斗南車站跨站式站房工程
過去斗南車站是許多雲林外地遊子回家的重要車站，過年過節返鄉人潮洶湧，以往斗南的發展跟著車站前站後站而有所分別，現在跨站式站房蓋起來，已無差別，而舊站體有百年歷史，建國也邀時任文化部長的鄭麗君來會勘，要進行保存及活化。
 ⠀⠀⠀⠀
2⃣ #石牛溪橋重新改建打造 4.46億
台一線石牛溪橋是南來北往重要橋梁，但百年橋墩基樁與沉箱基礎裸露很嚴重，耐洪能力明顯不足，我們向交通部爭取4.46億改建，不僅拓寬道路，同時也有LED景觀照明，很多民眾擔心電費會很兇，其實一個月不到1500元，明亮又保障行車安全，我們會做事也會省錢，請大家放心。
 ⠀⠀⠀⠀
不僅如此，斗南還是很多溪流經過的鄉鎮，極端氣候下常有淹水，建國2016年當面向總統蔡英文 Tsai Ing-wen反映治水經費要一次到位、分年整治，蔡總統也答應了，我們爭取到 #石牛溪整治 36.5億、#大湖口溪整治 14億！
⠀⠀⠀⠀
而斗南鎮長候選人高明達更進一步擘劃，要將斗南打造成具有韌性的 #親水鄉鎮，中央跟地方絕對要一條心合作，才能把重大建設完成！
⠀⠀⠀⠀
未來建國若入主縣府，要打造雲林 #農業生技科技園區，沒道理屏東做得到雲林卻做不到，嘉義縣4年可以做6個園區，雲林卻沒半個。現任縣長過去說要在斗南設置 #冷鏈物流園區，但四年過去了，做沒半項，不如就換人來做縣長和鎮長，要讓斗南農業有競爭力，就讓建國與明達來做、來拚！ 
⠀⠀⠀⠀
另外，建國還爭取到 #國家級高齡醫學暨健康福祉研究中心，2年內要完工，還有 #台大虎尾院區二期擴建，兩項加起來150億，斗南人之後就不用一直跑到外縣市去看診，未來雲林也就是國家高齡政策的重要依據！
⠀⠀⠀⠀
最後，建國提出 #重陽敬老金369+18的政策，嘉義縣做得到、雲林縣一定也做得到，我做議員時，雲林縣一年預算250億左右，如今已經達到360多億了，為什麼敬老金還要輸別的縣市？現任做不到，那就換建國做，18歲公民權也要全力衝刺，打造新雲林，拚雲林人的未來！
⠀⠀⠀⠀
✅新雲林 ✅拚未來
✅有建國就安心
✅2022雲林縣長選2號劉建國
✅2022斗南鎮長選3號高明達
✅2022古坑鄉長選3號林慧如
✅2022雲林縣議員選4號張庭綺
✅2022雲林縣議員選12號吳滄得
✅2022斗南鎮民代表選1號林兆騰
✅2022斗南鎮民代表選1號蔡正松
✅2022斗南鎮民代表選6號陳毅弘
✅2022斗南鎮民代表選3號陳秀章",['重陽+敬老金'],POSITIVE
中國國民黨_陳以信,2022-11-04 13:23:33,"以信這天來到 #台南六甲
為台南市議員 #尤榮智 站台
榮智議員歷練豐富地方服務紮實
從六甲鎮代會主席到鎮長到市議員
一步一腳印獲得鄉親高度支持
榮智議員對地方建設尤其用心
不管是農水路、自來水、路面改善
或老人健保費、重陽敬老金都極力爭取
而且榮智議員栽培出非常優秀女兒
也是我的留英學妹 #尤淨寬
她漂亮親切的服務讓鄉親非常喜愛
榮智議員高票連任我們三人一起服務💪
以信拜託 #下營 #六甲 #官田 #大內 #麻豆 鄉親全力支持 #3號尤榮智 🙏",['重陽+敬老金'],POSITIVE
民主進步黨_黃秀芳,2022-11-09 14:40:36,"「說到做到」好縣長！ ⓶ 號黃秀芳

今天(9)上午秀芳與 ⓻ 歐陽蓁珠、⓵ 劉珊伶630 在溪湖鎮站路口街頭拜票，看到忙著上班、上學的鄉親，彰化每個鄉親都很努力打拼，包括到菜市場掃街或車隊拜票，可以感受到與鄉親之間最直接的情感互動，大家的眼神都透露期盼彰化更好，但想到 4 年前王惠美競選縣長時的政見卻一一跳票，捷運到南彰目前為止就是一個騙局，而重大工程也一再延宕、縣政空轉，必須告訴鄉親，我們選舉要選有能力的人，秀芳有能力，政見絕對「說到做到」！

這一個月來，不論是西南角、東南角的鄉親，都告訴秀芳南彰化過去 4 年沒建設，真的是選錯人了，也有鄉親告訴我，連國民黨籍員林市長游振雄為了爭取連任，也跟隨民進黨員林市長候選人陳秋蓉的政見，要加碼重陽敬老禮金的發放，而陳秋蓉主張搭配黃秀芳三六九政見，鄉親應該也在想，游市長是否支持黃秀芳的 #恢復敬老金369 政見？

秀芳提出的政見很多，但一定「說到做到」，立委任內為彰化爭取百億經費，卻被國民黨主席朱立倫抹黑秀芳沒爭取，而王惠美政見跳票還配合朱主席抹黑秀芳，記者追問王惠美要不要請朱主席澄清，王惠美竟然揮手跑給記者追，這是當縣長的風範嗎？

好的政見歡迎各方候選人採用，也很歡迎對手拿秀芳的政見參考，但是千萬不要自己做不到，就用抹黑手法說秀芳也做不到，畢竟「人在做、天在看」，不只選民在看，神明也在看，我對鄉親負責，也對自己家裡長輩、小孩負責，絕不空口說白話，而過去 4 年縣政有沒空轉？重大工程有沒有延宕？相信神明也看得很清楚。秀芳呼籲各位鄉親一起打電話催票，每個人至少打 10 通，與鄉親們一起期待彰化的進步未來，為彰化縣民迎接新的幸福彰化！

選擇 ⓶ 號黃秀芳，讓未來四年，彰化 #大步向前走、縣民大勝利！

#拚經濟 #好生活 #顧環境 #挺彰化Teamchanghua",['重陽+敬老金'],POSITIVE
民主進步黨_黃秀芳,2022-11-21 15:31:54,"我彰化我驕傲，縣長支持 ⓶ 黃秀芳，#差你一票咱會贏！

今天(21)一早，秀芳就由競選團隊陪同，在鹿港民權路、復興路口站路口拜票，隨後再陪同爭取連任的 福興鄉長 蔣煙燈 ，在福興鄉車隊掃街，中途停留龍星宮參拜，祈求彰化能夠有更進步的發展，並到一旁番婆社區發展協會與長輩互動，開心地與長輩們比出 2 號手勢合影。

秀芳臨時接受徵召，這一百多天來的選戰，一路逆風而行，如今終於來到最後一哩路，鄉親和支持者給秀芳很多很多的能量，讓我能毫無懸念的往前衝，呼籲到了最後的關鍵時刻，請鄉親們務必幫忙打電話催票，一個人打 10 通電話，把「說到做到」的秀芳介紹出去，將在外打拚的鄉親們找回來，把票投出來，彰化才有不一樣的未來。

最後衝刺的這幾天，只有催票再催票，秀芳有信心會率領「彰化隊」的議員、鄉鎮市長、村里長代表候選人全壘打，也要再次強調我所提的政見不論是 369 重陽敬老金或青年貸款利息補貼等政策，都一定是 ＃説到做到！

選前最後 5 天衝刺，秀芳的拜票行程，已經從南彰化回到北彰化，今天鹿港造勢晚會將在縣議員楊妙月競總旁的文小五用地(鹿草路一段193號)，總統蔡英文也會第五度來彰化為秀芳輔選。傍晚 5 點，前副總統陳建仁將陪同秀芳在鹿港車隊掃街，秀芳這次會努力，讓未來彰化人可以大聲說出「我彰化我驕傲」！

#拚經濟 #好生活 #顧環境 #挺彰化Teamchanghua",['重陽+敬老金'],POSITIVE
台灣民眾黨_高虹安,2022-11-22 19:24:47,"照顧每一位長輩，是我在軍功里向共餐聚點的銀髮長輩們承諾。

虹安進入市政府，會以務實、貼近長者需求的方向，建置更好、更貼心的銀髮公共服務，年輕人們可以安心打拼、長輩們也可以安心享受樂齡生活。

未來對於銀髮長者的照護，只會多不會少，安老津貼、重陽敬老金絕對持續發放，還會增加敬老卡使用範圍跟點數，要讓新竹的銀髮族可以獲得更好的健康跟起居照護。

有位阿姨問我「虹安，你上任之後會不會像前市長，選完就不理我們了」，我也請阿姨放心，高虹安未來的施政，考量的是新竹市民的生活是否會更幸福、過得更好，要做所有人的市長。

與長輩們打勾勾、約定好，1126投給⑥號高虹安 💪🏻",['重陽+敬老金'],POSITIVE
中國國民黨_王鴻薇,2022-12-29 15:52:25,"＃重新發放重陽敬老金
＃王鴻薇蔣萬安共同推動

台北市長蔣萬安宣布，台北市議會已經通過「重陽敬老金自治條例」，已指示社會局完整評估，規劃明年朝向恢復發放重陽敬老金1500元新台幣，比柯市府時期多300元。

過去柯文哲市長上任後取消發放重陽敬老金，但在鴻薇與國民黨團堅持之下，台北市議會通過自治條例要求恢復，雖然柯市府不服向行政院申請函告無效，行政院回函難以認定抵觸憲法，柯市府因此宣布發放1200元，蔣萬安市長更加碼恢復成1500元。

發放重陽敬老金對台北市的財政負擔並不大，但對長輩的照顧，以及應有的尊敬，卻是意義重大，而且發放現金對於長輩來說最方便，這也是長期以來，我們所堅持的社會價值，對台北市民的照顧不能打折，更不會輸其他人。",['重陽+敬老金'],POSITIVE
台灣民眾黨_柯文哲,2022-12-29 17:23:03,"妥協比堅持容易。

我卸任臺北市長時的交接致詞，特別交代「不因短期利益犧牲長期利益、不因少數利益犧牲多數利益、不因政黨利益犧牲國家利益」，更重要的是要堅持這些理念，堅持做對的事。

蔣萬安市長已經宣布，明年起恢復普發 #重陽敬老金 1500元，我好奇的是：這筆錢要從哪裡來？是挪用其他社福預算？甚至工程預算？或者舉債來發？

政府預算就這麼多，社福資源應挹注給需要的人，並依照社會狀況彈性調整，而不是普發。

應該盡可能建立「可長可久的長者福利制度」，像是我任內開始補助綜所稅率20%以下之長者 #健保費 ，一人一年9912元，一年就要花31億。而到民國121年，台北市的老年人將增加到68萬人，將有48萬名長者可享有健保費全額補助，屆時總支出會高達42億，但我認為醫療是人權，健保費的補助可以真正維繫老人家的生活與醫療品質。

在高齡化時代，政府還必須增加 #日照中心 、社區 #關懷據點 、居家服務，以及樂齡運動中心，將有限的資源投資在長輩健康。

不少長者在拿到1500元現金時會開心幾天或幾小時，但這樣的政策完全不符合「社會福利應該偏向弱勢者」的原則，如果還要用人工發放、更會增加行政成本。

這樣的改變我雖然不意外，但仍有些失望，我還是期許新政府有更多的道德勇氣，不要債留子孫，台北市要做的是真正的社會福利政策，不要重回民粹政治的老路。",['重陽+敬老金'],NEUTRAL
台灣民眾黨_柯文哲,2023-01-22 18:00:01,"過新年說好話，而且一定要是 #真心話！

「 #今晚我想來點真心話」新春特別節目，殘酷大考驗～電擊柯P，我們備妥最新AI科技法龜，只要ㄧ言不合⋯不是，一發現心跳脈搏異常波動就予以電擊！（請各位柯粉放心，本節目備有30年急重症外科醫師一位，絕對安全）

在這裏你會聽到 柯文哲 對 蔣萬安 市長一上任就宣布提高 #重陽敬老金 額度的真心話、以及他的2024必勝宣言，更會將進行對幾位議員、網紅的臉盲考驗，內容絕對爆笑精彩，大年初一～讓我們陪你開心過年🧨",['重陽+敬老金'],POSITIVE
台灣民眾黨_高虹安,2023-06-13 19:42:19,"南部粽、北部粽，今天你選哪一粽？
我選～與「粽」不同的全穀健康粽！

穿上圍裙、挽起衣袖，今天來到金華社區與最強媽媽團一起包粽。90歲的葉鳳珠奶奶及84歲的陳雲連奶奶手腳俐落，咻咻咻幾下，當我還在挑粽葉時，奶奶已經在包飯了。我好想問，兩位奶奶平常是怎麼保養的？真的好勇健！

端午節臨近，無論是北部粽、南部粽、潮州粽、鹼粽等等，大家都可以找到自己所愛。可惜許多長輩只敢聞粽香、不敢吃粽子，擔心糯米會造成消化不良、內餡會影響血糖變化。為解決長輩們的煩惱，新竹市社區營養師與社區媽媽合作，推出應景且友善長者的「全榖健康粽」！

全榖健康粽，以全穀米取代部份糯米，讓長輩安心食用，不用擔心胃食道逆流；以低脂雞腿肉、滷鵪鶉蛋及其他配料，取代高脂三層豬肉、鹹蛋黃、鹹菜脯，讓長輩吃得健康，而且容易控制血糖。

上次來到金華市民活動中心，還是在選舉時。當時對長輩的承諾，時刻都沒有忘記。在我上任後，市府放寬了全口活動假牙補助條件，讓更多長者受惠；7月起也將升級敬老愛心卡，可使用於國民運動中心場地租借，未來還能到農會直銷站消費、搭乘國道客運等；並持續發放安老津貼及重陽敬老金，盼能全方位照顧長輩。

長輩的事，就是市府團隊最重要的事。全穀健康粽，讓長輩吃得健康，推薦大家嘗試看看喔！",['重陽+敬老金'],POSITIVE
中國國民黨_蔣萬安,2023-07-18 12:32:16,"＃重陽敬老金是對長輩的尊重與關懷

很開心今天實現競選承諾，和大家宣布 #1500元重陽敬老禮金恢復發放。

有阿嬤和我分享，平常她最喜歡和社區大學的姐妹們一起搭公車，到陽明山上運動、唱歌、喝茶、聊聊天，她已經等不及要用敬老金和姐妹們聚會。 

上任以來，我們依著議會通過的 #台北市重陽節禮金致送自治條例，和局處不斷溝通討論，並實際傾聽基層里長與民眾的建議，評估多元發放的可能性，讓長輩免於奔波就近領取。

這次除了保留以往匯款、定點領取的方式，更領先全國首創透過敬老卡靠卡感應服務，長輩可以就近到全台四大超商，讓店員嗶一下，重陽禮金就可以儲值在卡片裡面。

台北市每五人中，就有一位年齡超過65歲的長者，因為醫療水準進步，讓長輩有更多時間享受人生、享受這個世界。長者樂齡一直是市府的重點施政方向，從長者進修券、24 小時緊急救援系統、長者居家簡易修繕服務，以及昨天開幕啟用的 #建成社福大樓，都是台北對長輩的照顧。

我們會持續打造幸福友善的宜居城市，讓長輩在自己熟悉的環境中安養、安老，並擁有精彩的樂齡生活！",['重陽+敬老金'],POSITIVE
