index,post_id,text,time,post_url
153,110908055255420,"大家好，我是陳培瑜。
這十天我有了一個新的工作，我成為了新就任的民主進步黨不分區立法委員。

許多人也許對我陌生，所以讓我自我介紹一下。
在成為一個立法委員之前，我曾經在花蓮美崙開了一間兒童書店，它的名字寓含了我和先生的夢想：凱風卡瑪。

在書店裡，在靠海很近的地方，我把過去在研究所階段和社區工作階段的學習和對生活的想像，都一起放進書店日常當中。我們在書店，把環境永續、閱讀教育、性別多元、親職教育等議題，透過選書也透過講座活動分享給花蓮的孩子、家長及師長。

書店於2013年暫時結束營業，我們返回故鄉台北，在陪伴兩個孩子長大的同時，我以「半媽半Ｘ」的身份，持續與許多學校、家長團體、書店、出版社合作推廣兒童閱讀教育以及親職教育相關工作。

在這段不算短但也還不夠長的台北生活時光中，我一直持續保持著對兒童青少年教育和出版閱讀文化議題的關注和支持。

我接下來也會在立院開議時，先從兒童青少年教育和出版閱讀文化開始，讓培瑜成為孩子們和家長、師長們在國會的力量。",2023-02-15 20:00:06,https://www.facebook.com/peiyu901/posts/pfbid02hsiJZkhDNHFkkb2Tzswg51t1UaCL3YanhyiHgsef2eV6tGXXcBJUJMnu317XvSwfl
290,111898065156419,陳培瑜 updated their profile picture.,2023-02-16 22:40:19,https://www.facebook.com/peiyu901/posts/111898065156419:740947624363507
291,111899621822930,陳培瑜 updated their cover photo.,2023-02-16 22:41:17,https://www.facebook.com/peiyu901/posts/5838807876237087:5838807876237087
213,112556768423882,"今天是我就任立委以來第一次進議場值班，「開學」第一天就親眼見識到國民黨團的無理。
國民黨黨團今天一早占領官員席、發言台與質詢台，阻止行政院長陳建仁的施政報告。

明明可以讓行政院長報告完，再行使立委監督職權去正當質詢，卻上演推翻自己簽署的協商結論，以搶佔議場、惡意杯葛的行為，讓今天受邀向全民報告的陳院長施政報告破局，導致議事空轉。

疫後振興刻不容緩，有許多重大法案也待推動。

國會空轉一天，即是人民的權益被延宕一天。
普發現金不是在菜市場喊價，中央本應考慮資源分配「救急救窮」，請國民黨立委不要再為反而反、爲搏眼球而「誤國害民」。",2023-02-17 18:01:04,https://www.facebook.com/peiyu901/posts/pfbid0N4c4AWGkVX81bJXmvBsDPqbZGQqyf9WE9FTFsYHtCxuPuYbGggMgQUZANJgALWxUl
248,114071684939057,"《半媽半X。下廚日記》
轉換工作的這兩週，廚房變成隊友的空間，照顧著我們。但是需要轉換大腦運作的我，今天早上跟隊友「借用」一下廚房，想要做小時候就跟阿嬤學會的療癒食物—台灣炒米粉、蔭鳳梨雞湯。
是插班生的我，這兩週的學習和體驗，就用這兩道台灣好味來做個小結吧！接下來開議之後，繼續努力💪

#小編不在家
#媽媽立委
#小孩很捧場",2023-02-19 12:07:45,https://www.facebook.com/peiyu901/posts/pfbid0GxRmS754bRScAYwZNb3RUBM9qF7PjVVZ7VCkKa1BQ5suD6fawAchd3QFBZnhp3jKl
121,116051941407698,"普發現金表決立法院今天正式三讀通過，培瑜會繼續在立法院努力監督，加快行政流程，讓民眾盡快拿到現金6000元的經濟果實共享！

另外，很高興疫後特別條例於今日順利三讀通過。

全球政治與經濟局勢帶給台灣許多嚴峻挑戰，中央政策當然得更即時回應社會貼近民意。疫後特別條例就是以「加強經濟及社會韌性」為主軸，加強照顧弱勢族群及提供關懷服務，擴大公共運輸補貼，減輕通勤族交通負擔，強化農業基礎設施，推動因應智慧時代競爭使中小企業升級轉型。

另外，許多年輕人在大學期間會申請就學貸款，然而許多人畢業即負債，初入社會薪資不高，除了負擔生活開銷以外每個月還得固定還款造成不小生活壓力，所以在疫後特別條例也納入學貸減免幫忙年輕人減免學貸，希望讓年輕人及家長們肩膀上少一些壓力！

3800億，不僅用在普發現金六千全民共享，更要在多面向上去強化經濟社會韌性，比方這次涵蓋的居住、青年、農漁產業以及藝文、公共運輸上。

唯有方方面面的盡力去照顧到每一個群體，尤其是社會的基層民眾及弱勢，這個社會才能穩健的向前行。

我也會持續監督，為民眾把關每一筆預算到對的地方去，讓民眾更安心！",2023-02-21 16:28:41,https://facebook.com/peiyu901/posts/116051941407698
146,116893251323567,"台灣性別平等教育協會上週來訪，我們深談許多這些年他們針對孩子推動性別教育的工作成果。我想特別談談，他們如何將「千德爾：彩虹小隊的宇宙冒險」這本關於性別教育的手冊推廣到校園。

「千德爾：彩虹小隊的宇宙冒險」是一本內容豐富的情感教育手冊，裡面共十二堂課，並且性平會貼心的做了十二集的動畫，會連同簡報檔提供給老師，讓這本優秀的性別教育教材推廣到校園。

情感教育是性別平等教育重要的一環，有助於協助青春期學生認識、釐清並解決一些煩惱，然而情感問題沒有一定的解方，我們的情感教育其實與這個世代的需求還有一大段的距離要努力。

建立與他人良好互動，協助溝通與表達，遇到情感挫折擁有調適、紓解，並解決問題的能力，都是情感教育想傳達的核心。

我也期待日後與性平會更多的合作，推動更多有關性別平等、情感教育的議題。性別議題等同人權問題，情感教育則是人類終其一生不能停止的學習。

台灣性別平等教育協會 Tgeea (Taiwan Gender Equity Education Association)",2023-02-22 19:13:18,https://www.facebook.com/peiyu901/posts/pfbid02cySR8D7rpc9mkd5GCFg4Ys92bDRY72wAYZTM9qJsKjZRPobTnFSYuj5rQCUAjkWfl
269,117298291283063,"為教育，不分黨派！
恭喜 范雲委員榮任 10-7教育及文化委員會的召集委員，另外一席則由民眾黨 張其祿委員當選。

身為教育及文化委員會的一份子，期待新的會期超越黨派，為教育、為文化，繼續拼！

范雲  FAN, Yun
張其祿",2023-02-23 12:25:57,https://www.facebook.com/peiyu901/posts/pfbid02GpfynVauFJP4hzeDkaTYu4yf2LGdR4wnwqRnFzmX7NkZP9MqvQXtwD3tzp2XxfxKl
221,117436581269234,"朋友們晚安！我昨天上廣播節目「寶島有意思」，今天晚上七點即將播出，並且會同步上架各大podcast平台。

很高興與主持人靜嫻這次的對談，節目裡會提到我為何選擇投入兒童閱讀與親職教育，以及什麼契機成為立委「跨領域」。

更重要的是，我會談到如何把關注的教育、文化、青少年健康、出版閱讀議題，在有限的時間裡全力推動相關法案，並努力積極爭取。

⬇️
寶島有意思
19：00
北部-寶島新聲 FM98.5
嘉義-嘉義之音 FM91.3
高雄-主人電台 FM96.9
21：00
中部-大千電台 FM99.1",2023-02-23 18:15:03,https://www.facebook.com/peiyu901/posts/pfbid031njkZwF1seBPceBtDamUQQYT1FxVRhqEUDh9vKj3mKwxrkH82UwLy91QY33qp36Zl
45,118120934534132,"公東高工的李恭榮校長，其實是我在擔任實習老師的時候，所認識的朋友。當時他是我的實習指導老師，他認真指導我，讓我在僅有的半年實習歲月中，快速進入狀況。

今天受台東公東高工邀請，到台北世貿去看他們的「溫潤阮ㄟ材」木工家具展覽，也為老師們及學生們加油打氣。

台東公東高工有一個特別的傳承，每個木工科的同學只要升上了二年級，就必須學會親手製作1960年創校以來流傳至今的「公東凳」。而我今天也非常幸運這個展覽看見了這張——保留了錫神父節儉的精神，運用剩餘的木料手工製作拼接出豐富木色的「公東凳」。現場展覽當然不只公東凳，其實還有滿多以台灣疏伐材為主的設計家具作品可以參觀。

公東高工，將學生的實習課與生產結合，並製作成作品販售，自創校以來一直致力於傳承技藝。
他們培育學生不僅身為設計者與製造者，同時也要學會擔任銷售員。

現場同學們為我們導覽解說一件件出自他們巧手的家具作品，我感到驚艷，他們設計跟製作的技術上有多麼純熟，件件都不像是出自於十幾歲年輕朋友的手，從每一個細節就可以看出同學們在學校紮實的技藝培訓。
他們用心地講解木材的年份、製作的工法及他們完成作品的心得，每一件有溫度的作品都擁有故事。

看著穿梭會場忙碌的李恭榮校長及老師們，秉持著初衷投入對偏鄉孩子的教育，即便少子女化的浪潮席捲，招致財務吃緊、資源匱乏，仍舊帶著孩子們辛勤的訓練，這樣的訓練成果也獲得了在今年全國技藝競賽奪得2金1銀3優勝3佳作的傑出表現。

台東有一群優秀的同學們，日日夜夜勤奮的用心製作這些雅緻的家具作品。

我非常推薦大家可以利用228連假，來看在台北世貿中心的「溫潤阮ㄟ材」展覽，也一起為公東高工的老師及同學們加油打打氣",2023-02-24 21:05:49,https://www.facebook.com/peiyu901/posts/pfbid025M369zqSzsSruaibcxQe2mWsUNeUMCYo5rasxo55JtfhxxirNrKqTTm6ebXgggyDl
66,120761830936709,"228連假的第一天剛好在電視上看到烏俄戰爭一週年的紀錄片，孩子們也一起看著討論著，畫面中的人說到這一年中所發生的這一切劇變，也說到難以想像戰爭何時才能停止？四天連假從這個看完紀錄片的早晨開始，這四天幾乎都在家休息，很家常的飲食，很日常的感覺，有陽光的午後時刻，很容易感受到安穩和幸福。

但我們知道如今的幸福日常其實是因為有著許多前人的努力，我們才得以擁有。

這幾年，因為對於繪本的熟悉因此有機會和沃時所承辦的國家人權博物館的人權繪本工作坊合作。在工作坊裡面的課程，有不義遺址的實地走訪，也有受難前輩的真人真事，還有共同閱讀討論的大量的國內外人權議題繪本，繪本內容大多探討言論自由、性別平等、種族多元、民主改革⋯⋯等等。在課程的最後，每一組的夥伴會創作出至少五張圖的故事，目的是讓台灣的創作者自己來說自己土地上的人權故事，透過創作和轉化故事，繪本或許是轉型正義未竟之事的一個小小出口。

除了繪本之外，台灣這幾年有許多好看的書，也為台灣的主體意識和獨立思辨能力的積累提供了許多養份。記得有一次孩子看完《少年台灣史》（周婉窈）之後問我：「台灣的民主自由和多元文化的社會發展，若要往下走，我們好像不能不知道這些歷史？只是我們的課本上真的寫的很簡單耶⋯⋯」的確，以閱讀做為一種時刻警醒和持續投入關心的方法，陪伴小讀者，也幫我們自己「補課」，或許我們才有機會持續捍衛這些得來不易的價值，因為現在享有的自由與民主並非理所當然---坐在家裡和陽光一起讀書的午後，可能一個轉身就不見了！",2023-02-28 14:37:58,https://facebook.com/peiyu901/posts/120761830936709
71,121694480843444,"▍原能會願意增加抽驗檢測頻率，維護食安信心！
▍原能會承諾加強推廣正確資訊，讓臺灣人吃魚吃得放心！

今天我針對2023年日本福島核廠將排放氚水的議題質詢原能會，其中幾項相關要求，獲得原能會承諾會積極辦理。

第一，原能會應更積極推廣「放射性物質海域擴散海洋資訊」，讓更多民眾理解。
第二，原能會應協調相關部門增加抽驗檢測的頻率，讓更多民眾安心。

原能會主委張靜文也承諾，會加強推廣「放射性物質海域擴散海洋資訊平台」。原因是，原能會建置該平台在政府資訊公開的作為上值得讚許，但平台推廣效果卻不佳十分可惜，從111年7月1日開設截至112年3月01日為止，累積流量僅11,869人次。

除了平台，原能會應該採取更多元也更積極的方式去向民眾說明「福島核廠氚水和放射性物質是否會對我國食品安全造成影響」的正確資訊，讓更多人了解氚水和放射性物質是否有殘存在台灣食用海鮮，以及其是否會對人體健康產生影響，減輕民眾擔憂。

此外，原能會應協調相關部門增加抽驗檢測的頻率，尤其國人日常實用海鮮頻率較高，學校、家庭更應該加強注意，除了定期進行抽驗檢測，確保海鮮符合安全標準，更應該加強檢測樣本數，以增加國人對政府維護食安的信心。

福島核電站事故後即將釋放的氚水對台灣的影響是長期而充滿未知的，政府需要積極關注和處理。原能會有責任加強對食品安全的檢測與說明，確保台灣的食品安全、國人健康。

我會持續追蹤這題，讓孩子與爸爸媽媽安心！",2023-03-01 17:20:06,https://www.facebook.com/peiyu901/posts/pfbid0FnVstoz9JtGy5TERK4nLBLNZPf6vWDggJMuKcCRMEYZEjnEfwKsGYa8qUwPrfw45l
64,122616987417860,"今天針對文化部振興計畫進行監督與評估政策成效，首先，我非常肯定文化部此次疫後振興的規劃。只是關於疫後振興，我總相信一定還可以做的更加細緻，為資源分配的效益，也為相關受惠此政策的朋友們，都多想一點。

文化部提到「獨立書店購書加碼」，但是以鄉村地區來說，文化藝術資源本就相對不足，獨立書店、小型藝文消費等也缺乏相應的發展機會。尤其在一些交通相對不便的鄉村，過高的交通時間及花費，恐怕都會削減消費者前往支持的意願。而且，並非所有鄉鎮都有獨立書店。不過，在許多鄉鎮當中都還有許多街口文具型的書店，甚至已經有第二代回來接手經營。這些街口轉角的文具型書店，對很多偏鄉地區來說，是最容易靠近和取得的文化資源，因此我也請部長要放寬認定這些書店，讓他們也可以成為此次振興計畫中的參與店家。

如此，不僅有利於偏鄉地區的書店發展，也提高偏鄉青年使用文化禮金的意願。史哲部長也承諾，會放寬補助獨立書店的範圍，確保政策能夠真正惠及全台灣民眾，達到文化平權的目標。

此外，我也要求文化部必須製作更親民易懂的宣傳文宣，讓民眾能夠知道文化部的美意，也更能促進相關文化產業的復興。部長也承諾，願意重新研擬一份清晰、易懂、讓人們了解實際行動的政策文宣，以減少民眾的困惑，增加五大方案的推動效果。

此外，「藝拍即合」這項計畫上，部長也承諾會與教育部合作，增加更多鄉村地區的校園場次，讓全台的校園文化藝術發展更多元平等！

文化振興計畫要讓全台灣都能被照顧到，我也會持續關心疫後振興的政策執行，讓都市與鄉村地區的文化均衡發展。",2023-03-02 20:29:09,https://facebook.com/peiyu901/posts/122616987417860
275,631058369030590,"① 蔡培慧 慧做事真實在 選前之夜

蔡英文 Tsai Ing-wen 賴清德 立法委員 羅美玲 林靜儀醫師 溫柔堅定新中二 前來相挺，請大家一起分享直播，為南投爭一口氣！",2023-03-03 18:51:49,https://facebook.com/peiyu901/posts/631058369030590
69,125668843779341,"想參訪故宮，該與哪個部門接洽？答案是，偏鄉學生與身障學生有不同的部門。故宮去一般學校辦活動，或者去特教學校辦活動，是同一個部門負責嗎？錯，是不同部門。

今天質詢故宮，對院長提出這些疑問，是希望院長能以兒少的角度更全面的思考，將部門整合統一。偏鄉學生如果想參訪故宮，由「行銷業務處」負責，而身障學生要參訪，卻由「展示服務處」負責。故宮的外部推廣活動職權，也是由這兩個部門「交錯」負責，分工混亂。

我自己也是花了很大的力氣，才搞懂各部門的業務關係，因此，我希望院長能照顧到兒少所有族群，省去繁雜的程序，而院長也承諾在三個月內重新釐清教育推廣業務，「成立專責的教育推廣處」。

我很高興看到故宮博物院從過去到現在，已經在國際化、在地化、多元性、平等性......方面有了諸多努力，包括無障礙參觀服務、性平意識展覽、博物館教育箱及館際聯展等。

當我們談到故宮博物院時，我們談論的不僅是一個博物館。在後疫情時代，越來越多人希望到故宮參觀，尤其是對於這兩年完全停擺的校外教學活動而言，故宮需要更全面的規劃，協助師長、家長、學生等各種教育相關人員，讓兒少可以更深入地體驗故宮典藏文物之美。

蕭宗煌院長今天也承諾研議增設專責的教育推廣處。我相信唯有透過不斷地推廣教育、加強互動、拓展多元化的展示方式，故宮博物院可以讓更多的人民走進這個典藏許多珍貴文物的殿堂，在未來的日子裡，我也會持續關注故宮博物院的發展和進步，並為其盡一份心力。",2023-03-06 18:39:06,https://www.facebook.com/peiyu901/posts/pfbid0252oHE9o5xbt1RjHv5EBRmxvRmkBYP43Vgy74JYPnBefrDUSS64XvszdnJgvDfawul
148,127237333622492,"身為一個媽媽，我很希望我的孩子，不論性別為何，都能在學校安全上廁所，不要遭受霸凌、欺負，不會因為焦慮、壓力不敢如廁。

性別友善廁所是希望 #打造所有孩子的安心廁所，不是隨便把無障礙廁所牌子換一下、或只把男女廁打通就好，而是要有相關設計標準，且必須比過往更加明亮、安全、友善、保護隱私才行！

許多師生使用過「符合標準」性別友善廁所後，都反應良好、表示支持；但未符合標準的，反會造成學生、老師、家長誤解焦慮，且無奈的是，後者比前者還多。

為改善問題，今天我質詢教育部 潘文忠  部長，請部長幫忙推動「符合標準」的性別友善廁所，改善過往不符標準的。

很高興潘部長大力支持，並坦承過去有些學校沒思考到我提的這些必要指標，因此仍有很大進步空間。我提的建議，教育部大方向都支持，也承諾會努力給予更多支持與指引，促使學校、師生了解學習，「廁所對學生來講太重要了，如果能在修建改善的過程中，把性別友善廁所概念放進來，這樣就會雙贏！」

#讓每位孩子都能在校安心上廁所！
#一起和孩子站在同一邊",2023-03-08 17:33:13,https://www.facebook.com/peiyu901/posts/pfbid0pN3yBNQjxg6SYfsGAzegBDdYUK8yJoJXoPmMSjM52kMD5LhPdwxwsfGbNvzMSznNl
123,127267226952836,"#婦女節快樂

婦女節這天，直接響應 生育改革行動聯盟 對台灣孕產現況調查的行動，誠摯地邀請近5年有生育經驗的好朋友們，以匿名填答的方式，幫助生育改革的推動提供寶貴的意見。

多年前生下小狗哥哥的那一天，我在待產床上躺了三天，記憶中除了痛就是冰冷的醫院感。所以當我看到 生育改革行動聯盟 的朋友們在做的事情時，十分感動。尤其是建議建立友善生產環境，提供產家舒適、重視隱私的環境，納入陪產者、營造居家感，並減少非必要性的醫療介入。

此外，產後的支持，像是坐月子，產婦生理及心理照顧的需求，經常被忽略了。這也讓我想起，身邊的媽媽朋友們每每聊起生產後的第一個月，總是淚眼婆娑，還有人說：「為什麼沒有告訴我，養小孩這麼辛苦？睡不飽也吃不好⋯⋯」因此如果透過完整的公共化產後支持，讓每個新生兒的家庭都能得到協助資源，像是荷蘭的產婦在生產完之後，人人可以享有8到10天免費的產後服務。

而為了更了解台灣婦女的孕產現況與需求，生動盟也推出「祝您好生」台灣女人生產經驗大調查。由3/8起至4/8止，大家一起來填寫問卷，作為後續生育改革政策白皮書素材。

生育改革行動聯盟",2023-03-08 18:25:35,https://facebook.com/peiyu901/posts/127267226952836
2,129478433398382,"開幕片《狼女孩的氣候日記》談論了氣候臨界的問題，片中直指，我們這個世代是極有可能目睹人類自身滅亡的世代。因為經濟生產型態百年來的一路前進，無法停止的前進列車，造成了這個世代的無力感。

至於對於下一個世代的兒少來說，他們所面對的不只是環境的問題本身，還有滿滿的對於未來的無希望感。孩子們的確也跟我聊過，弟弟就曾經說過：「學校教的這麼多愛地球和愛環境的論述和行動方案，相對於你們大人的世界還在持續進行的事情和發展來說，會不會無濟於事？也或者，為什麼數十年來的大人們所造成的問題，卻變成我們的考題？不是應該你們大人自己也得學習和一起改變嗎？」

因此在看《狼女孩的氣候日記》時，對於片中女孩的無力感和焦慮，我非但一點也不陌生，想著與孩子曾有過的討論，我相信她的感受和想法，肯定也能引起許多兒少的共鳴。

在想著能更多做一點什麼？從影展開始，讓自己在此議題討論當中，尋找自己的發聲位置和行動方法。接下來，再從自己的工作位置上來用力思考，用眾人之力所能促成的改變一定又會是另一番風景。

#綠色公民行動聯盟
#2023氣候臨界影展
#免費入場現場索票
#狼女孩的氣候日記

綠色公民行動聯盟Green Citizens' Action Alliance
March 9 at 8:57 PM ·

【#氣候臨界影展】 #選片指南 文字紀錄快手分享

明日就要開跑！
各位敲碗的朋友們，晚睡的你有福了！
選片指南現場紀錄快手賴品瑀不藏私分享這邊請享用！

【重點速記摘要區】

・16部作品，有14部作品為台灣首映！
藉由他山之石經驗借鏡省思台灣可行之道，開啟討論與思考。

・因應全球展開氣候行動轉型為「氣候臨界影展」。
除保留既有核能主題，更擴及氣候行動、能源爭議、暖化危機等題材，規劃為五大單元。

・開幕片《 #狼女孩的氣候日記 》巧妙動人的從母女不同心境呈現人類如何看待氣候危機。未來既已遭竊取又何需努力的年輕心聲 V.S. 給不了虛假希望又不想放棄希望的中年母親矛盾。兩場放映也將分別邀請音樂人 #巴奈 、青年氣候行動者 #黃品涵 與紀錄片《日常對話》導演 #黃惠偵 參與映後座談。

・「#核電影 」單元中有著隱藏版開幕片《 #原子能世紀事件簿》，回顧人類在還不理解卻開始濫用原能的黑歷史，特意選映於3月11日，以放映行動回應紀念12年前的 #福島核災 。

・「#世代氣候行動 」單元，呈現9至80歲的行動者容貌，有主角僅9歲的《 #伊芙的森林之家》，每天走出食物、能源皆自給自足的生態村去上學，並面對外界不解，以及《 #諾貝爾阿公的氣候行動》，從得到諾貝爾獎的年邁學者，投身氣候行動，從科學家身份思考人與世界的關係，及如何實際運用知識間的現實提問。

・「#煤電影」單元，觸及煤電退場過程的公正轉型課題，也特別選映《#猴硐煤鄉漫遊》，五支短片串起了猴硐 15 處煤鄉地景，紀錄猴硐老礦工在礦區舊址賣力解說昔日勞動生活的堅毅身影，宛若活歷史的礦工前輩，將於12日映後座談現身分享眼中的昔日景色。

・其中，更有著邀片時遇到導演同時間在進行當地運動，無暇對於影片進行文件作業及影像處理，直接請策展團隊使用既有版本的運動進行式。（請留意看看哪兩部片只在第二週才看得到！）

全文請往下滑，見留言區各種連結傳送門。",2023-03-11 14:46:43,https://facebook.com/peiyu901/posts/129478433398382
1,130999296579629,"#擴大保護每一位學生
#訂定教師專業倫理準則 

每次聽到孩子受到不適任教師傷害，看見那些傷痛、聽到那些哭泣，身為一個媽媽，真的難過又生氣。
　
不適任教師雖然只是教師裡的少數，但每一位不適任教師所傷害的，卻是成千上百的孩子。有些孩子受害多年，甚至因此留下長達數十年的創傷，就像去年爆出來的「台中資優班性侵案」，當年性侵害、各式精神與言語暴力的傷害，到現在仍是那幾屆好幾班學生心中的陰影。
　
#上學不該看運氣！ #淘汰不適任教師是家長和孩子的心願

「孩子平安長大」是我自己一直以來的心願及關注重點，我知道 #淘汰不適任教師 是教育現場長期的難題，也清楚教育部持續在處理，為了讓更多孩子盡快受到保護，上週質詢時我和 潘文中  部長溝通： 
#該是時候為孩子再往前進了！除現有處理不適任教師的法規外，台灣需要設置法規層級的 #教師專業倫理準則與 #保障小孩當事人地位 的配套規範，這樣才是真正對師生親都好！
　
台灣目前處理不適任教師的制度，所看的都是造成傷害的「嚴重程度」，如果不夠嚴重，就小小懲處、告誡、甚至完全沒事，像之前有起案件：
某位國小三、四年級的音樂老師，長期在課堂上以「神經病」、「媽的」、「混蛋」、「白癡」、「你是資源班的嗎？」等話語羞辱、霸凌直笛吹不好的學生，還會摔課本、作業本。多位學生因此對音樂課感到恐懼、喪失自信，在假日時不斷練習吹直笛，生怕吹錯一個音，就會在全班同學面前慘遭老師羞辱。

在學生勇敢說出自己遭受的痛苦後，學校考核會最後卻認為：很難認定這位老師真有損害學生學習權益的情形，所以不予申誡。

孩子沒有身體上的傷痕、沒有因此自殘自殺、生病、或無法上學，就代表真的沒有傷害嗎？

我想應該不是。

但在台灣的不少案例中，都是這樣判斷，因為「受害」看不出嚴重性。

這也導致受害的孩子被迫要不斷努力證明自己受害很深，這對兒童發展來說，真的相當不健康。
　
那到底要如何改善台灣現況？

我和部長提出，應該要參考其他國家制定的教師專業倫理準則，例如英國就明確提到，要確保學生有良好安全的學習環境，有尊嚴地對待學生，建立以相互尊重為基礎的關係，且 #任何時候都要遵守教職對應的適當界限。
　
英國的規範更清楚訂出怎樣的行為是違反教師專業倫理，只要有違反準則的「不當行為」就是不行！不當行為造成學生受傷的嚴重及傷害程度，則是作為「加重」處分的依據。
　
台灣要有自己的準則與規範：
　
✅審議案件的標準才不會停留在「有無造成學生嚴重傷害」，而是在於教師有無不當行為，清楚劃分才能減少受害孩子及實際無違反倫理教師的困擾。

✅才能協助少部分違反專業倫理的教師更加清楚，自己某些行為可能已越線，其他同事及校方也才能提前警覺，進而減少未來不當行為的可能。

✅淘汰少數違反專業倫理的不適任教師，才能維護教師專業形象，別再讓大多數熱情用心、關心孩子成長的老師再被拖累、飽受委屈！
　
淘汰不適任教師，不只是孩子和家長的心聲，也是很多學校現場老師的期盼。
　
我和潘部長具體建議，為了訂出屬於台灣的法規層級的教師專業倫理準則及配套，教育部應該要盡快進行研究案，研究英美等國的準則和處理機制，檢視目前台灣各種處理不適任教師法規還不夠的地方。
　
很謝謝教師出身的潘部長立刻贊同我的建議，並承諾一個月內提出相關規劃！
　
這題我一定會繼續追蹤下去，希望大家和我一起關注孩子的成長發展，別讓不適任教師成為孩子心中的夢魘。

#不論運氣好壞 #孩子都不該遭到不適任教師的傷害！
#一起和孩子站在同一邊",2023-03-13 14:22:00,https://www.facebook.com/peiyu901/posts/pfbid0zkTLjHXar5JUhEXio1gF3aKZGqA6EqCEU3SgjqBiBzeQRLhYbEDRVM9pqUJqXtg1l
5,132028989809993,"這三十多年來，台灣的人權不斷往前，大家有目共睹。也正因人權之路如此寬長，我們仍有許多未竟之事需要一起努力，其中相當關鍵的一項就是 #平等法…
　
這幾年來，兩公約、CEDAW（消除對婦女一切形式歧視公約）、CRPD（身心障礙者權利公約）國際專家來台灣審查公約實施狀況時，不約而同地多次提到，台灣真的需要盡快制訂一套「綜合性的 #反歧視法」，避免許多族群繼續遭受歧視傷害，甚至仇恨暴力。民間團體也多次提出相關呼籲，希望政府盡速擬定法律，別讓傷痛和憾事繼續發生。
　
很開心行政院聽取國際專家及民間團體的意見，2022年5月發布的「國家人權行動計畫」正式納入草擬平等法，預計2024年送交立法院審查。在這草案研擬的重要時刻，我利用今日總質詢，向陳建仁院長提出 #關鍵提醒！
　
在台灣 #歧視從來沒有少過，很多族群甚至常遭歧視攻擊。例如小孩常遭遇來自成人的年齡歧視，去年一起學校暴力案件中，某國中一年級的導師，對學生各種體罰、羞辱、身心虐待及性騷擾，常罵學生是「畜生」，對兒少充滿歧視。
　
台灣的性別歧視也從來沒停過，從小英總統，到所有的民意代表、政府官員，往往僅因性別是女性，就被質疑做事情的能力，甚至飽受羞辱及恐嚇暴力。
　
直到現在，台灣也仍然存在對於同志的歧視，即使是同婚通過近四年的現在，一對同性伴侶在超商門口接吻居然被路人罵並被砍傷，而這僅僅發生在幾天前。
　
除此之外，還有很多很多族群都仍飽受歧視之苦⋯⋯
　
我沉重地和院長說，歧視不是只出現在引發社會關注的嚴重事件，更是普遍存在你我日常生活之中。
　
歧視可以很大，也可以很小，即便不是充滿惡意的微歧視，長期下來也可能對當事人或其族群造成很大傷害，這也是為何我們需要盡快設立平等法。也正因平等法如此重要，所以我希望在草案研擬的過程，能盡力做好， #別漏掉任何一個受傷的族群，別讓立法的美意被打折。
　
我向院長提出，行政院應在草案研擬的過程中：
邀集各類遭受歧視面向的團體及代表，進行諮詢會議，例如兒少、性別、身心障礙等。
於北、中、南、東、離島舉辦公聽會，廣納民意。
盤點現行已存在的反歧視法規，分析是否有上下位階、適用方面的法規競合問題，評估是否需與平等法整併。
　
感謝陳院長現場多次贊同我的提議，並承諾三點都一定會做到，明年將平等法草案送入立法院時，也會一併附上公聽會結論報告及平等法的法規競合報告。
　
我很期待平等法草案送入立法院的那一天，也很希望大家和我一起關注平等法推進， #別讓歧視繼續成為日常生活的一部分 ，#別讓孩子繼續在歧視中長大 。

#一起和孩子站在同一邊",2023-03-14 22:11:34,https://www.facebook.com/peiyu901/posts/pfbid0FRkMj4ws5d7VqmG8HNyqis3nK3W2zXHX22PCbC8ZhCrvZyVvP1FVFLeq4QfDkwiql
102,133033946376164,"今天我和幾位出版界的朋友討論了關於近期令人憂心的書市發展：這兩周來，書市受到數大電商通路「折扣下殺戰」的影響，書籍類商品紛紛被打到66折，有的甚至被打到58、55折。

對身為一位曾經在花蓮開過獨立書店的我來說，我知道這樣的情況對未來台灣的出版界、書籍市場和閱讀文化，乃至於文化產業的健全發展都極為不利。當一本書能夠用6折甚至更低的價格賤賣出去時，背後隱藏的涵義其實是大幅壓縮了書籍產業鏈的上、中、下游整體的獲利空間；從作家、繪者、譯者、出版社、原料廠商再到實際販賣書籍給顧客的書店，甚至是讀者，全都無一倖免。

我近期會與出版業者、政府機關、專家學者共同來討論這個議題，我們不只要呼籲政府盡快開始進行針對該議題的討論與研議，也要告訴社會大眾，書籍並不只是一種商品、書籍不應以一般商品的標準來看待，它更是一個國家最好、也最普及的知識與文化傳播媒介。文化是所有產業的根本，缺少了文化產出，我們就不會有震撼人心的小說、百聽不厭的音樂、流傳千古的劇作與影視；缺少了文化素養，我們的社會也會變成一個自私自利與不公不義難以消除的社會。

我想要請所有的朋友持續關注這件事，我們衷心盼望能夠找到解決難題並創造雙贏局面的方法。

#作者
#出版社
#經銷商
#書店
#讀者
#沒有人是局外人",2023-03-15 22:16:19,https://facebook.com/peiyu901/posts/133033946376164
17,133447716334787,"昨日質詢，我與 國科會吳政忠主委討論了有關科普和心理健康的問題。國科會歷來一直都很重視科普素材的推廣，以往已經製作出許多種不同形式的科普活動和媒體，我想大家也都有目共睹。所以我藉由今日質詢的機會，給予國科會一個大大的肯定。

與此同時，我也在這件事上提出了我的一些改善建議，希望我們共同的努力能夠讓越來越多台灣的孩子、青少年和大人都愛上科學，活用科學給我們的力量成為一個更好的人。

國科會花費了許多心力，找來許多專家學者一起製作 #KissScience 的youtube頻道，放上許多高品質的科普影片，講解細膩也很清楚。

不過，我觀察到整個頻道的觸及率跟點閱率還有許多可以改善的空間。有這麼好的科普素材卻沒辦法推廣給更多人知道，有些可惜。因此，我請國科會加強這方面的宣傳跟推廣，把這些用心製作的科普素材推廣出去。

在兒童科普方面，國科會已經連續舉辦 #環島科普列車 三年，獲得許多大學師生，甚至是高中師生的支持和協助，並邀請台灣每個地區的孩子到這個列車上體驗各式各樣的科普活動。不過，如果能夠再將每個地區的特色融入不同地區的科普活動中，就能讓孩子們對自己故鄉的特色更有所了解，也可以體會到不同地方的風情。

目前環島科普列車是由各個地區的承辦大學來規劃課程，國科會提供所需的費用。因此，我建議吳主委，往後舉辦環島科普列車時，主動請各大學將地方特色結合進課程的規劃中，孩子一邊學習科學，也能一邊認識自己的家鄉。

此外， 心理健康的問題近年來在全球範圍內也越來越嚴重，而過往國科會也補助了許多研究心理健康和數位載具相關的計畫。我認為心理健康已經成為社會的一大難題，無論政府或民間都無法獨力解決。如果政府在這個議題上能多推一把，就能幫助更多受到心理健康問題困擾的人。

所以我今天也請國科會務必要以實際作為鼓勵更多這個方面的專家學者主動提出研究計畫，讓我們在這方面的了解上更雄厚；同時，也不能只讓這個研究成果停留在學術階段，以科普方式(如製作影片、舉辦活動等)讓更多人知道該如何辨識和求助，就能幫助到更多的人。

感謝今日吳政忠主委大力支持以上我提出的改善建議，讓我們一起讓台灣變得越來越好。",2023-03-16 10:00:05,https://www.facebook.com/peiyu901/posts/pfbid028LF7HRr1Pgff8QQ18BuS1q7NWZ5EPaYpgqgS5c3boR4ZPMSf9wn4N8oKYmZZ5Zsfl
207,133468336332725,"全力支持 賴清德副總統 登記代表民進黨參選2024總統大選！

近年來國際局勢動盪，台灣面對著經濟復甦與轉型、中國的文攻武嚇，我們需要一位有領導力和決斷力，面對中國不斷的威脅和挑釁時，一位能夠毫不猶豫地捍衛台灣主權和安全的總統。

賴清德副總統不僅具備卓越的政治智慧和領導能力，更深諳政務，他擔任行政院長時，為避免兒童和婦女受虐情形發生，以家庭為單位，成立多元整合性服務，關心兒少的權益。

我支持賴副率領團隊壯大台灣，建立和諧、安定、公益的社會，讓青年看見希望、壯年實現夢想、老年得到幸福、弱勢者得到照顧。

我們都是台灣隊，讓我們一起挺台灣！守護台灣！",2023-03-16 10:41:34,https://facebook.com/peiyu901/posts/133468336332725
106,133817772964448,"青少年選手只要一個安全的場地，有這麼難嗎？

本屆全中運網球賽在新竹縣主辦，卻有好幾位選手在根本沒驗收、充滿缺失的場地比賽，導致受傷退賽，令人既心疼又憤怒。高雄福山國中張同學的媽媽，日前也在臉書發了一篇長文，訴說心情，字裡行間充滿了不捨與無奈。

我身為兩個孩子的媽媽，完全可以理解這樣的心痛與憤怒，因此今天上午在立法院質詢體育署長鄭世忠、以及教育部常次林騰蛟，要求體育署及承辦單位新竹縣政府，都應覺悟自己的責任，讓憾事不再發生。

張媽媽的臉書文章提到，孩子們努力練習了一年，經過縣市的選拔，好不容易帶著榮譽感站上國家級賽事的舞台，想要替學校與團隊取得勝利，但卻沒想
到，連國家等級的賽事，竟然連提供安
全無虞的比賽環境都做不到！那麼，到底還有誰能夠保護這些來自全國的優秀年輕好手們呢？

我們口口聲聲說這些選手，是國家未來的棟樑，但卻因為新竹縣政府的工程缺失和督導不力，而受到傷害，我深感憤怒與不解。

我也想問新竹縣政府，既身為承辦單位、也身為選手們的「大家長」，為何要讓有突出表現的孩子們，受到這種場地的傷害？

我也要求體育署，除了先前承諾要制定嚴謹專業的工程查核機制外更要督導承辦單位新竹縣政府進行咎責、檢討與制定補救措施，務必還給選手一個完善的比賽環境！",2023-03-16 19:03:48,https://www.facebook.com/peiyu901/posts/pfbid037ves8RvXRwz9SyHC5aC3twmxM87PqpacrWqq4uDFyYdouw5zSPLjA5QWq1FszATPl
111,134582989554593,"今天早上我開了一場沉痛的記者會，臺北醫學大學某中心蕭主任，對中心工作的職員、學生言語性騷擾，並且藉故進行有性意味的肢體碰觸。

北醫大第一時間卻是先要求吹哨者撤文，甚至在做出停聘半年的決議後，仍讓蕭先生進出校園，造成受害者二次傷害。

整個環境、申訴過程都造成受害人相當大的壓力，學校完全無法給學生和職員優良安全的學習和工作環境。

原本走進校園應該是一件安全和令人期待的事情，卻使學生和職員連上學和上班都感到恐懼，擔心被報復。

我必須嚴厲譴責，蕭主任根本沒資格被稱為「蕭老師」，台灣社會對有成功光環的男性，好像就他犯的錯可以輕輕放下，我看報導都不想稱他『蕭老師』，他不足以當個老師。

我也想請這位蕭先生自己想一想，你的學生、職員如何安心上學、安心上班？你身為別人眼中「人生勝利組」的老師如何看待自己？你真的覺得自己做的事可以被原諒嗎？

事情爆發之後，蕭主任不但沒有道歉，甚至威脅被害者、要求滅證，實情理難容。

面對此權利關係，受害者總是束手無策，創傷不被看見，而這樣的傷害不僅是身體上的，同時也對心理和情感健康造成長期的影響。

我們也呼籲教育部主動介入調查，為學生和職員提供一個安全的上學上班環境付出努力。",2023-03-17 19:08:59,https://facebook.com/peiyu901/posts/134582989554593
175,135284416151117,"全民共享經濟紅利 6000 元 方案來囉！

過去三年，全球飽受疫情衝擊，但是大家很努力，稅收超乎預期，全民共享經濟果實！

為了方便大家提領，行政院規劃 五種發放方式：

  1.  網路登記
  2. 公營銀行ATM領現
  3. 郵局領現
  4. 特定族群直接入帳
  5. 偏鄉造冊發放

⭐️從 3 月 22 日上午 8 點開始，提供網路登記服務，依照身分證尾號進行分流登記。

⭐️發放時間依照立法院預算審查進度，另行公佈。

❗️請注意，領取「勞保年金、國民年金、老農津貼、勞退、身障補助、中低收入老人津貼」等福利，您的 6000 元紅利將會直接入帳，不需要在系統中進行登記。

⛔️最後，我們提醒大家，政府不會通過簡訊或電子郵件通知您領錢登錄，也不會通過電話要求您進行轉帳操作，請務必告訴身邊的親友。",2023-03-18 15:32:51,https://www.facebook.com/peiyu901/posts/pfbid0ekeHLxF3ZcKxocZnxC5BjcqkPgcKKdTRXBi1Mt3EXTZYHeEguSjdcWaWVm8fL7apl
178,136141572732068,"和俊誠的認識是從水花園有機農夫市集開始，後來他們一步步從市集到餐廳、成為許多餐廳的好夥伴，因此他們不僅是食材的供應鏈延伸，更是綠色餐飲文化的重要推廣者。

一直以來我很喜歡下廚，也喜歡為孩子們做菜，但有時候太忙碌，這時候綠色餐廳對於忙碌工作沒時間做菜的我來說，是一個很令人放心的選擇。透過綠色餐廳，品嚐到經過有機栽培、當令的食材所做成的美味餐點，同時也能感受到他們對於友善餐飲永續發展的堅持。

很高興看到台灣與SRAC共同簽署國際認證，這樣的合作有助於友善餐飲、餐廳飯店業者永續發展，也期待能夠推動外食更加安心，同時促進台灣農業發展。

綠色餐飲的推廣，不僅是一種消費模式，更是一種生活態度。透過消費和參與，我們能夠為環境和健康盡一份心力。我相信，只要我們一起努力，透過消費和參與，讓我們的孩子有更好的生長環境。",2023-03-19 15:50:56,https://www.facebook.com/peiyu901/posts/pfbid033LQ7rKsz4ugBr5oeQ3qzYWhrpRGUqVxQ25UNPt1SKygSqYjp11KTrZuANVgx6TFDl
91,139149755764583,"今日質詢，我就 #圖書文化產業 的議題，與文化部王時思次長談及目前的狀況、面臨的問題與可能的解決方案。文化部目前提供的各項補助有：圖書免徵營業稅、推動實體書店發展補助、書展購書抵用券、文化禮金、文化部藝文紓困4.0…等，這些補助確實協助圖書文化產業的上中下游度過了疫情等艱困時期。

有許多討論聚焦在「圖書定價制」或「新書售價規範」等制度實施的可能性，雖然業界目前尚未凝聚共識，但政府在其中的角色絕對是無法缺席的。因此，我希望了解文化部目前就此議題的規劃，並且開始研議 #跨部會 的解決方案與配套措施。

王次長回應，目前文化部已得出三種可能的路線：一、針對實體出版業者與書店的合作；二、未來與公平會討論，希望能提出突破價格限制交易的方案；三、從國際立法例來看，將「圖書定價」法制化。

由於出版、文化的議題牽涉到不只一個部會，因此我非常樂見公平會能夠加入討論。但根據我們的研究，包括消基會、數位產業發展署等，也都是該議題涉及的部會之一。質詢的最後，我也提及，近期我們將發起與產、官、學、讀者四方的公聽會，並且希望所有與這個議題相關的部會都能夠加入討論。書籍是一個國家重要的知識與文化傳播媒介，為了培育台灣文化的良好基底，我們不僅須認知圖書的文化傳播性，也須重視圖書文化產業的健全發展。

#作者
#出版社
#經銷商
#書店
#讀者
#沒有人是局外人",2023-03-23 14:48:28,https://facebook.com/peiyu901/posts/139149755764583
137,139739955705563,"春暖花開的季節到了，相信許多人都已經計畫好連假出遊的行程。然而，要特別提醒大家，春季是腸病毒流行的季節，台灣已經有近三年沒有腸病毒疫情發生，因此病毒在宿主體內不斷累積，相對也增加傳播風險。在此提醒，為了保障孩子們的健康，出遊時要特別注意防護！

預防腸病毒的感染，最重要的就是勤洗手。請確實做到「濕、搓、沖、捧、擦」5步驟，幫助有效清潔手部，避免病毒傳播。同時，建議家長避免前往人群密集的地方，如遊樂場、電影院、百貨公司等，帶小朋友去戶外活動，要注意避免分享飲料、玩具等物品。

如果發現小朋友出現發燒、嘔吐、腹瀉等症狀，應立即就醫，在家休息。

必須注意的是，除了嬰幼兒外，成人也可能感染腸病毒，但症狀通常較輕微，容易與一般感冒混淆。因此，在出遊時，成人也要注意勤洗手，使用消毒水加強環境清潔。

家長要教育孩子正確的衛生習慣，鼓勵孩子勤洗手、少摸口鼻、適時戴口罩等，讓孩子能夠養成良好的衛生習慣，減少感染風險。

讓我們在春季出遊時一起為孩子們的健康保駕護航，享受春天的美好同時，也關心孩子們的身體！",2023-03-24 09:00:03,https://facebook.com/peiyu901/posts/139739955705563
164,139927759020116,"「疫後特別預算案」今天三讀通過，普發六千最快4/6 入帳！

感謝立院夥伴們與行政團隊的全力支持，這項預算案不僅涵蓋了普及現金六千元的全民共享，還在許多方面加強了經濟和社會的韌性，包括住房、青年、農漁業以及藝文和公共運輸等。

特別注意的是，許多爸爸媽媽詢問，要做登記入帳時，幫自己的小孩(未滿13歲)代領？要輸入誰的身分證字號？誰的帳戶資料？欄位要填誰的資料呢？

父母/監護人其中一人自己的：
➊ 身分證字號 或 居留證號
➋ 銀行代號 和 銀行帳號
➌ 健保卡號
➍ 未滿13歲孩童的健保卡號

注意：
⛔ 可以按「新增」來增加欄位，最多代領四位，加上父母本人最多五位。
⛔ 7歲至未滿13歲符合發放資格者，可以由本人自行領取，或者由父母或監護人其中一人代領。
⛔ 對於符合發放資格的未成年人（13歲以上，且2010年3月22日之前出生），可以自行選擇適合自己的領取方式。",2023-03-24 15:55:44,https://facebook.com/peiyu901/posts/139927759020116
287,141234382222787,春分後的乍寒，跟著山嵐的痕跡，往山裡走一會兒，整個人就又能有滿滿的力量。,2023-03-26 10:31:43,https://www.facebook.com/peiyu901/posts/pfbid0ao5r8BRsy3tcMFWk97hk2kNnzbqdV8JunuwkqrcwnpBJc1c9ouizRCvbgS7pU2nUl
141,142000182146207,"宏都拉斯與我國斷交，令人遺憾。但若因此要求外交部長下台，則是邏輯不清、是非不明。

中國不斷對台灣文攻武嚇，屢屢打壓台灣的國際空間。中國不僅宣稱台灣是中國的一部分，並威逼利誘我邦交國。

邦交國與我斷交，是因為中國打壓，而非因為我國外交政策或作為的重大過失。吳釗燮部長及外交部同仁的外交工作，只要持續確保主權及國格完整，那麼，全體國人就應不分黨派全力支持，而不是為了政治攻防而攻防。

另外，吳釗燮部長表示未來不排除以「雙重承認」的方式去與更多非邦交國交往，這是我國外交政策極少公開強調的重大變化。對於這點，我非常支持。我們尊重中國的主權、治權，也希望中國同等回應，並放棄「金錢外交」。

捷克視台灣為印太地區重要夥伴，捷克眾議院議長艾達莫娃近日率150餘人訪台，以行動表明與台灣發展全面夥伴關係的決心；日本駐台代表泉裕泰昨日也表示，將更加致力於深化與台灣的合作關係。

當前台灣的外交政策，是與理念相仿的國家加深外交與經貿合作關係，因為對自由與民主的熱愛與盼望，能讓我們找到更多堅實情誼的夥伴與朋友。",2023-03-27 14:20:05,https://www.facebook.com/peiyu901/posts/pfbid037Y3iKiLH6b6EomGJd2cqYRVEyDaJzq9YiDPfYdP9rNfbDUZdVY7LXJE3Fto7ieDal
113,142276732118552,"「牠死了！我不知道怎麼跟小孩說，小孩一直很希望牠能平安躲進山林裡⋯⋯」朋友傳來訊息問我。她的女兒一直都很喜歡中大型哺乳動物，所以她們去動物園、去搭賞鯨船、家裡也養著貓貓。

其實，這起新聞事件對於許多大人來說，其震撼和「想不到」的感受，必然也不亞於小孩。此外，就算已經有無時差的網路新聞，但目前的資訊也不見得是百分之百可以信任的。所以，如果心裡有悲傷、疑惑和憤怒，那今天晚上先陪孩子讀一讀繪本吧！這些繪本當然也可以是大人給自己的陪伴。

故事中，人和動物之間的關係是一種典範，也就是：不同物種之間的相處樣態，原來可以是彼此互相依賴和溫暖的。只是理想的樣態在這次的狒狒死亡事件之前或許不被人所關心，但可以期待的是，大家都將在這次的狒狒事件中，學會新的觀點和方法以做為日後的學習起點。

我所分享的這些繪本故事也暗示了「人永遠不能自以為是地放大了自己的位置」。如果心中沒有對於其他物種的認識和情感，那麼這樣的事件只會一再發生----但這卻也是身為一般人的我們，最不想看到的。真心期待在人與動物之間，有越來越良善的互動關係，以及公務機關在這類型事件上更完善的機制盤點和政策說明。

#繪本媽媽
#親子共讀
#議題繪本",2023-03-27 23:29:56,https://facebook.com/peiyu901/posts/142276732118552
200,142849185394640,"孩子的成長，需要細心的呵護與關愛。在口腔保健方面，更需要家長們給予足夠的重視，每天的牙齒清潔以及均衡的飲食，都是培養孩子健康口腔的重要習慣。

定期的牙齒檢查是不可或缺的一環，及早發現，才能更有效解決口腔問題。

為了協助家長更好地照顧孩子的口腔健康，衛福部與牙醫師全聯會攜手，推出「2023兒童口腔健康週 - 孕婦嬰幼兒愛心親善牙醫院所」活動。

112年4月1日至4月15日活動期間，懷孕婦女、嬰幼兒及15歲以下青少年凡持健保卡至貼有「孕婦嬰幼兒愛心親善牙醫診所」貼紙之牙醫診所/醫院牙科部就診，可享免掛號費之福利！

爸爸媽媽連假出去玩之後，別忘了帶小朋友去檢查牙齒喔！",2023-03-28 18:47:58,https://www.facebook.com/peiyu901/posts/pfbid0dmdqXAGgx9dtCKu7AtaAA8NTqybYsTzmpjiPFyK2KVG4cTL5FSkUWVRiszG1A2nml
93,144015028611389,"我參加了國際特赦組織2022年度人權報告記者會，雖然台灣已經將《兒童權利公約》國內法化將近十年，但令人遺憾的是，仍有許多兒少在日常生活中受到不當的對待。

最近一則新聞是，在一個校園活動當中，三百多名小學生被要求罰跪，甚至踹桌子、罵髒話等荒謬情事。為了改善這個問題，我們需要從根本上改變現狀，創造一個能夠支持兒少健康成長的環境。透過提供支持服務、改善教育制度和學校環境，及加強法律和社會保障制度等方面，這些都刻不容緩。

此外，數據顯示，2021年兒童和青少年遭受身心暴力的事件不斷增加，而超過53%的施虐者是他們的父母。我可以理解，在育兒的道路上，不可避免感到孤獨、沮喪。此外，在疫情肆虐全球的這幾年，爸媽的壓力可想而知，不論是經濟生活或是個人生活都受到極大的影響。

因此，如何在為家長提供管教上的配套支持系統，以及良好的教養喘息服務，將會是我接下來努力的目標。因為，對我來說，教養生活的展開，是讓每個孩子用自己的方式發光，同時也是讓爸媽再找回自己生命力量的起點。

所以，在這樣的情況下，我們應該將正向教育取代打罵。透過建立相應的教育制度，幫助家長了解如何用適當的方式教育孩子，保護孩子不任何形式的施虐。我們有責任和義務保障兒童和青少年的權益和身心的健康成長。我也會持續努力，為兒少建立一個安全、健康的成長環境。",2023-03-30 11:56:30,https://facebook.com/peiyu901/posts/144015028611389
4,144193458593546,"很多朋友關心的公視法修法草案，史哲部長說文化部正在努力，希望明天能通過行政院會，盡快送入立法院。聽到這消息，我相當開心，除了同步在寫自己的草案外，修法前夕，我更與部長一同深入討論公視有關兒少節目製播的問題與困境，期盼修法能帶來一些正面改變：
　
⓵ 公共頻道應大幅增加兒少節目製播：
台灣兒少節目播映時數僅佔總時數約10%，嚴重落後鄰近的新加坡（37.5%）和日本（23%），兒少節目自製率上，台灣也很低、僅有9%，美、法等國幾乎都高於50%，韓國更是接近100%，相比之下，台灣真的落後有點多。

我認為台灣囝的成長過程中除了食台灣米、啉台灣水更加愛收看台灣節目。

公視的自製兒少節目，其實品質不錯，像出發騎幻島、下課花路米等更屢獲金鐘獎，公視作為公共媒體的重要成員，我很期待它能作為媒體表率，優先提高兒少節目自製率及播映時數，增加兒少影視上的良好選擇。

⓶ 打造兒少節目網路收視環境：
就跟國際一樣，近年來台灣兒少的收視習慣大量轉往網路串流平台，英國的BBC便因此，將旗下的BBC Kids 轉為網路平台，去年更在台灣上架，我呼籲文化部與公視，要注意這個習慣轉變的趨勢，朝向設置適合兒少的網路串流平台／APP，讓優質的自製節目有更多收視機會。

我很高興提出後，聽到部長直接回應：「事實上我們都支持兒少節目應該要大量增加」，因為這是在文化紮根。

部長除了大力認同我的建議，並承諾如果本次公視法修法可以讓公視經費健康化，首要就要希望鼓勵兒少節目大幅增加，這也是作為一個公共頻道首要的責任！

現在大家都知道，是一個平板、一個手機在看節目，而不是在電視上看，所以兒少的網路收視環境確實也該作為強化的首要！

我也和部長提到，兒少收視除了現有節目外，還有兩個影響同樣深的面向需要配套改善：

▶️ 研擬兒少節目製作人才培育機制：
前面提到台灣兒少節目自製率低的問題，其實不僅是公視，許多電視台都面臨此狀況，文化部雖然已有提出「兒童節目製作培訓類」項目的補助，但一直難有成效。所以我建議部長，可以考慮分析民間成功的案例，納入一開始就該有專業「孵育」的概念，跳脫原本只補助經費的想法，以此提出真正有效的兒少節目製作人才培育機制，才能確實解決人才不足及斷層的問題。

▶️  一個月內研議將本土語言節目納入兒少教育資源：
公視兒少資源網推出不到一年，已提供多部華語節目並和校園共同開發多份教案，迴響良好。因此我和部長提到，公視台語台、客語台、原民台等電視台之台灣本土語言節目也應被一起納入，文化部並應與教育部合作，積極鼓勵各級學校、教師開發相關母語教案。

史哲部長現場回應，培育機制的大環境問題他了解、將會協助文化部檢討改善，至於公視兒少資源網納入本土語言節目，真的是個好事，他會來努力，也會和教育部溝通，一個月內提出研議報告。

兒少的影視環境需要更多人一起來關注及支持，和我一起努力，讓文化紮根，讓教育紮根。",2023-03-30 17:58:06,https://www.facebook.com/peiyu901/posts/pfbid0Wu8R6rtBAt4KHAExW2dr6MEPKqryXiAqiVA7wca9FLbQNxrfTC3KRZRdsAVo2qxHl
75,144664988546393,"⚽ 續辦青年足球聯賽 協助重整足協財務 

「足球爸媽圈」炸鍋了！原來是中華民國足球協會上周五（3/24）以「財務艱困」為由，宣布取消已舉辦了三年的青年足球聯賽。「足球爸媽聯合應援團」急著向張廖萬堅委員、劉世芳委員、與我的辦公室反映，表示這將嚴重戕害基層足球。

因此，我們今天邀請體育署一同召開記者會。我有兩點訴求：

1. 續辦青年足球聯賽。
2. 體育署應協助足協重整財政。

體育署副署長洪志昌今天承諾，將提供賽事所需補助，也就是說，本年度的青年足球聯賽確定續辦。

青年聯賽是台灣少見的真正意義的聯賽形式，在足協近三年用心辦理的青年聯賽中，除了提供了俱樂部球隊發展重要的舞台，也成功做出了校隊與俱樂部可以共存發展的實證，也是近年台灣足球青訓發展的關鍵政策，讓眾多台灣球員最後的足球生涯紀錄能夠不再停留在12歲。我全力支持青年聯賽的續辦，使年輕選手們的參賽權真正受到保障。

此外，我認為體育署應依國體法賦予的監督責任，確保足協財務人事健全，並落實財務查核與透明，並向社會大眾公告。希望足協能夠訂定出健全穩定的聯賽機制，讓所有的聯賽不再因任何組織人事更改而中斷取消，以及限縮補助，影響所有踢足球孩子的權益。

我實在不忍心看到愛踢球、努力練習的年輕運動員失去舞台，希望今天在相關單位的協力之下，能夠還給孩子們一個單純快樂、並且真正需要的舞台。

堅持．張廖萬堅
愛信任-劉世芳
足球爸媽聯合應援團",2023-03-31 10:36:41,https://www.facebook.com/peiyu901/posts/pfbid0UPfFmfwGk2hCZgG4t4UKwJXs6FGfrDhsBeL3vz99eUa55fjrSS6XAcFy2MNbLGkNl
84,147520554927503,"兒童節跟大家分享一個歷史故事。
二戰前的一個雨天，一位小男孩在街上迷路，遇到許多飢餓和貧困的孤兒，他感到十分難過。這個幼小的男孩開始有了夢想，希望能建立一個沒有悲傷的王國，讓每個孩子都能獲得他們應有的權利——這位男孩就是後來的兒童權利之父柯札克。

戰爭爆發後，柯札克作為軍醫四處奔波，但他對兒童的關懷從未減少。
每個晚上，他都會免費為窮人家的小孩看病，默默地守護著他們。

二戰結束後，他離開醫師的身份，成為一間孤兒院的院長。

這間孤兒院與眾不同，他們擁有議事制度，孩子們會選舉議員，一同制定規則並負責管理自己。違反規定也會有小朋友們組成的「兒童法庭」，自己裁決如何懲罰。

不過，兒童法庭的最高原則是寬恕和原諒，因為柯札克希望透過這樣的方式讓孩子們明白，學習從錯誤中學習，在錯誤中爬起來，過程中的成長才是最寶貴的。

柯札克的善良和關懷曾經照亮了這個世界，也提醒了我們，教育及兒童權利的重要性。

不是每個人都是幸運的人，能夠擁有幸福的童年，有一些人一生都受困在童年創傷之中。正因為不是所有人都能擁有良好的心理支持系統，能陪伴他們度過人生當中大大小小的困境，所以為兒少建構一個安全成長的環境，也一直是我行動的初衷。

在立院的每一天，我將兒少作為監督、修法的重點，未來我也會針對兒少推動更多的法案，因為我相信，只要持續努力，必定能為兒少建構一個安全成長、自在健康的環境。",2023-04-04 17:26:30,https://www.facebook.com/peiyu901/posts/pfbid0AEmPazBCB16K2oaGq2t1uD49HaergpGJ2Xkga1dPf7MyhEbG6ZW5n84CxB8iYdjml
7,148952911450934,"改善特教老師勞動環境，讓特教學生擁有充足照顧與學習！

距離《特殊教育法》上次大修已14年，最近新一波修法即將啟動！

上週行政院通過特教法修正草案，提出許多重大改變，但在特教學生權益與特教老師勞動環境上，我認為還有許多進步空間，所以在今日立法院舉辦的修法公聽會上，我懇切地呼籲教育部，務必以特教學生權益為核心來推動這次修法：

特教老師常面對過高的生師比，以國立高中為例，有些學校中，一位的特教老師，一人就得負責幾十位、甚至高達百位的特教學生，且老師除了教學及協助，還要處理許多報告、心理評量與行政庶務。作為一名曾經的教師以及現在兩個小孩的媽媽，我完全無法想像一名老師要怎麼樣照顧這麼多的特教學生，站在家長的立場，我也不認為在這樣的情況下，學生能在學校被好好照顧，因為老師早已無力負擔。

另一方面，現在特教學生的鑑定與心理評量也多半交由校內特教老師負責，一份報告光是進行各項測驗、家長訪談、入班觀察、評估會議、彙整資料、撰寫報告等，前後可能需要花費將近9小時的時間，放在已要處理上課、備課、協助學生、研習等工作的平日，可能需要數天課餘時間才有辦法完成。部分縣市需鑑定的量早已超出特教老師的負荷，不僅導致老師原本教學時間減少、甚至可能影響鑑定的品質，最後權益受到影響的仍是學生。

這些勞動環境惡劣的現況，常導致特教老師身心俱疲，愈努力盡責往往愈快被消耗殆盡，離職或轉任普通教師的比率居高不下，好的老師是否能留下完全靠運氣。因為老師不足或忙於評鑑，導致原本教學、陪伴時間減少、學生學習品質下降，這已是本末倒置，高流動率更造成師生間需花費更多時間來認識彼此，這樣的情況對學生、老師、家長來說都是有百害而無一利，也都是大家所不樂見的。

為了改善問題，我提出二項提案，呼籲本次修法應：
1. 明定班級學生人數及生師比，不再以「為原則」模糊帶過，因為唯有特教師資充足時，特教學生才有可能得到充足的協助及學習！
2. 身心障礙學生的鑑定應由專業心理評量人員來進行，讓心評工作專業化、專門化，強化品質，並盡可能減少特教老師高度過勞負擔的問題。

這二項訴求都會包含在我將提出的特教法修法草案中。特教學生需要更多且更具專業的支持、陪伴與協助，特殊教育是一個不容易的專業，照顧好特教老師的勞動環境，才有可能使特教學生擁有充足照顧與學習，唯有兩者都能被法律妥善照顧，第一線教學狀況真的改善了，我們的特殊教育才能夠朝向正確方向持續走下去。後續特教法審查時，我將持續努力爭取特教師生的權益，期盼看到這篇貼文的你，能一同與我關注特教法修法！",2023-04-06 16:05:02,https://facebook.com/peiyu901/posts/148952911450934
163,149719044707654,"感謝立院好同事 立法委員  羅美玲 邀請我參加今天的「健康Champion能量傳遍Health For All」活動，賴清德副總統也率先響應簽署加入本活動。希望透過這次活動，能讓更多人關注身心健康，保持身心輕盈。

這次活動以各立委團隊為單位，預計共減重220公斤。活動結束後，我們將驗收健康成果，將相應數量的健康營養和運動物資贈送給需要的社福和育幼團體。

多年來我一直有想要減脂的念頭，卻總缺乏執行的動機。

今天在會場，我特地向國健署副署長賈淑麗請教了飲食和運動的秘訣，她告訴我兩個關鍵：「飲食168」和「日行萬步」。

我已經和先生約好下班後一起去慢跑，邀請大家也一起接力進行「健康Champion  能量傳遍 Health For All」，動起來，一起為身心健康努力！

莊瑞雄 
洪申翰 Sun-Han 
趙天麟 
吳思瑤 
高嘉瑜 
護理立委 陳靜敏 
何志偉 
鍾佳濱",2023-04-07 16:34:18,https://www.facebook.com/peiyu901/posts/pfbid0ReDNK1fRANX56cJPizE7zn2dQemHtdpV9xHmtPVNJHHCNdWSTE2j5KqowzxcLpPQl
108,150566454622913,"在當立委之前，我的其中一份工作是在課程講座中、在家長讀書會中，跟家長和教師們分享如何透過不打不罵小孩還可以管教小孩。但是說實話，不打不罵的管教，真的很不容易，是一個要持續修鍊的功課，無法一蹴即成！因此只要有人願意一起努力，我都感謝萬分，只要有多一點人願意對小孩好，那麼離友善小孩的社會環境，就會越來越近。

今天很開心參與了新竹在地的朋友們所舉辦的430不打小孩系列活動的開幕式，活動後走進書展區，我很雞婆的忍不住跟李妍慧和陳建名推坑好書，很開心大家都帶走了覺得適合自己和孩子的兒童人權好書。

這場活動是由人本教育基金會與昌禾教育基金會、 大魯閣湳雅廣場再度攜手合作，以「兒童人權是啥物」為主題，舉辦「主題書展」、「主題電影放映」、「主題座談」等活動，給予父母、社會各界有更豐厚的思想支持與對話機會，讓「兒童人權」不只停留在呼籲的階段，而是真正落實在生活中的每一天。

而我在立法院中也將持續協助督促教育部及衛福部，在相關育兒政策規劃中，為家長積極爭取友善的育兒環境及支持系統，讓所有願意生育孩子的家庭都能在有愛的社會環境中，陪伴孩子一起長大。

李妍慧 Yen Hui Lee
陳建名
北區超正。派  我是楊玲宜
新竹市議員 曾資程
人本教育基金會新竹辦公室",2023-04-08 22:18:33,https://www.facebook.com/peiyu901/posts/pfbid02exDeTDLzY76oRNUrDUQFXzwFaGEwztcFCQCWpTqyVHsaqh8Gg28wAJAPxugJkYgal
0,151886391157586,"校園霸凌及不適任教育人員，是許多學生及家長心中的痛。

這三年來，持續傳出的校園案件，包含最近大家關注且痛心的豐原高中學生輕生案，都一再提醒我們，校園中仍有許多問題亟需改善！

今日教育部也在立法院對此進行專案報告，我針對兩大重點，潘文忠 部長提出六個教育現場迫切需要改善的方向，要求教育部盡快處理，別再讓憾事持續發生：

⚡️重點一：「老師對學生」霸凌案件處理機制須有重大改善

➀ 應優先以霸凌處理機制嚴謹調查，避免以不當管教淡化規避

2020年7月，老師對學生的霸凌終於納入「校園霸凌防制準則」，但到去年底為止，通報的649件中，只有35件成案，成案率僅5.39%！許多家長及民間團體都和我提到，這個超低的成案率多非誤報或誤判，更常是因案件只被當作懲處輕微的「不當管教」來處理，甚至連不當管教都不成立。

教育部也清楚霸凌處理機制其實更為嚴謹，所以我和部長提出，應要求全國學校，校內發生師對生霸凌案件時，應優先以霸凌角度「調查、判斷及處置」，避免以「不當管教」淡化規避！

➁ 霸凌的「持續」要件應有明確參考，避免學校過度嚴苛檢視

「校園霸凌防制準則」定義霸凌行為時提到了「持續」的特性，但對於「持續」的想像，各地方、各學校、各老師的標準都不同，常導致學生、家長、老師無所適從。更嚴重的問題是：很多霸凌案件常被「過度嚴苛檢視」，甚至還有學校提出，即使老師每次對學生的行為都判定是霸凌，但只要「一個月未達三次以上」就不算霸凌，這種說法對於曾身為老師、現在是兩個孩子媽媽的我來說，真的難以接受。

所以我要求教育部，應對「持續」要件提出明確、全國一致可依循的參考，且應限制學校不得過嚴檢視。 

➂ 師對生權勢關係下，應有不同於生對生霸凌案件的處理機制

每次發生師對生霸凌案件，一定會伴隨對調查可信度的質疑，因為當霸凌行為人是老師、甚至是主任、校長時，大家很難再去信任校方主導的調查和判斷。再加上師生嚴重不對等的權勢關係，甚至連學生初期求救都可能被教師以其他理由擋下，其他學生的出面作證也可能遭到教師、校方的威脅打壓，以上問題都顯示現行生對生霸凌處理機制不適用於師對生案件。

所以我要求教育部修正霸凌防制準則，針對師對生霸凌做出區隔，不再直接套用生對生處理機制，應考慮師對生霸凌案件的複雜度、壓迫度、傷害度，設立更完整的處置機制！

⚡️重點二：學創人員培訓規劃要完善！不適任者應納入資料庫！

➀ 重新規劃培訓內容及時數，落實輔導教育人員應具之內涵

不論是豐原高中學生輕生案，或是中山女高禁穿緊衣褲案，都顯示校園中部分學創人員出了問題，不僅未能達成輔導教育、正向管教、營造友善安全校園、推動校園霸凌防制等任務，反而還成為校園霸凌和影響校安的源頭！

我深入研究後發現，很大一部分問題來自其培訓的嚴重不足，現在學創人員培訓總時數僅70小時，且其中學生權利、輔導諮商技巧、正向管教的關鍵專業技能，居然都僅有各4小時的培訓，根本不可能培育出這個職務真正應具備的輔導管教能力！

我要求教育部要深切檢討這問題，並以落實學務創新所需「輔導教育人員應具內涵」為根本，重新規劃必須有的培訓內容及時數，讓更多學創人員能在校園發揮正確的效能。

➁ 學創人員管理與懲處規範應更明確，確實維護學生權益

學創人員現行的懲處機制相當模糊，目前規範的「處理校園安全事件或學生事件失當」、「對學生之輔導或管教，方法失當或未盡職責」等，光文字就有許多爭論空間，不僅造成校方、老師、學創人員執行判斷上的困難，更重要的是，學生權益也無法受到保障，此已和推動學創人員的原本目的背道而馳！

為了不讓原本美意變傷害，我要求教育部應對學創人員的管理與執行，制定更詳細、明確、確實維護學生權益、以學生為本的指引。

➂ 少數不適任學創人員應納入資料庫，學校進用前必須查詢排除

學創人員是以「勞動契約」進入校園，若有不適任行為，除非是刑事、兒少等案件，才可能被相關法律資料庫找出，否則解聘後還是可能再次被聘任！在教育部的規劃中，學創人員是輔導教育人員的一部分，因此其中少數不適任者自然也該納入不適任教育人員資料庫中，且學校在進用前，應比照進用教師等教育人員的方式，先查詢資料庫以排除過往已明確不適任者！

孩子們受傷、甚至失去生命所帶來的傷痛，不該只停留在個案層面，作為一位從教育現場出來的老師及家長，我清楚知道，如果我們沒有盡快改善制度面、執行面的各種問題，這樣的事件只會再次發生，過去幾年我們已反覆看到太多眼淚與心碎，這也是為何今天質詢時，我會如此沉重拜託潘部長，要求教育部加速改善。

💪校園應是學生身心健康成長、建立自我發展的安全場域，作為一位母親、一位長期關注兒少議題的立委，我會持續努力，期望能和關注學生權益的夥伴一起打造更適合所有孩子生長的環境。",2023-04-10 20:42:29,https://www.facebook.com/peiyu901/posts/pfbid02a7SUhPZXY5mgPNJr7T2X8EHsC6fJY8VLzSLm8ZKhSFEMbDThKXAJ5NKJu5QxjS8nl
173,152211864458372,"#市場通路惡性競爭
#文化產業的未來在哪裡？

這一年來，電商通路大打書籍折扣戰，初期電商自行吸收折扣，但近期與出版社的年度換約中，要求出版社直接讓利，嚴重衝擊出版圖書產業。

電商通路的大幅折扣，也同步壓縮了實體書店的生存空間與書籍出版的多樣性。

當社區生活中再也沒有書店、暢銷書排行榜逐漸單一，我們又該如何期待具備思考能力的公民社會？

有鑒於此，本次的公聽會將邀集產、官、學，以及讀者四方代表，共同商討如何創造多贏的局面。

我們呼籲政府盡快針對此議題展開討論與研議，也希望讓社會大眾了解，為什麼我們應該關心出版圖書產業，以及我們將打造什麼樣的共同未來。

🌟不便到場的朋友，可以在粉專收看直播
https://www.facebook.com/peiyu901

公聽會直播時間：2023年4月11日 14:00",2023-04-11 08:20:08,https://www.facebook.com/peiyu901/posts/pfbid0TF3QG3YkSSMChSpigK9BMUKuBSFLfNQCyTycDkvebhSrtzwb8rW3Fsss7tttUK9Ql
116,152246934454865,"立法院朝野黨團共同聲明

針對中國當局對我國進行大規模軍演，升高區域緊張情勢，立法院朝野黨團發表共同聲明如下：
 
中國當局以蔡英文總統出訪邦交國及過境美國為藉口，在臺灣周邊進行大規模軍演，破壞兩岸現狀，造成區域緊張情勢升高，嚴重破壞國際秩序。立法院代表台灣二千三百萬人民向中國當局表達嚴正譴責與抗議，並要求中國當局應立即停止對我國的武力恫嚇。
 
中華民國總統出訪友邦，過境美國，為多年來的外交慣例，並獲得國際社會的支持，從李登輝、陳水扁、馬英九前總統至蔡英文總統已經有51次，不因政黨輪替而改變。中國當局以軍事演習為手段，欲阻止我國元首外交，屢次傷害台灣人民感情，嚴重威脅區域的和平與安全，也違反聯合國憲章最基本的原則。
 
中華民國為主權獨立的國家，這是台灣海峽兩岸多年來的現狀與事實，台灣人民與政府有權與其他國家進行正常交往，並透過國際參與對國際社會作出貢獻，中國當局無權阻撓，亦無法改變台灣人民走向世界的堅強意志。立法院感謝國際友邦長期關注台海和平及支持台灣走向國際。
 
本共同聲明代表我國人民對中國軍演的嚴正抗議，並呼籲國際社會共同譴責中國當局的野蠻行為。",2023-04-11 09:42:14,https://www.facebook.com/peiyu901/posts/pfbid0bCLynsug2tYPwZSDX7bbcSLwncmTpxEKwWZJE3WikF1uuPjrFTo9BSp2mwWcVSool
220,610462977767632,"這一年來，電商通路大打書籍折扣戰，初期電商自行吸收折扣，但近期與出版社的年度換約中，要求出版社直接讓利，嚴重衝擊出版圖書產業。

電商通路的大幅折扣，也同步壓縮了實體書店的生存空間與書籍出版的多樣性。
當社區生活中再也沒有書店、暢銷書排行榜逐漸單一，我們又該如何期待具備思考能力的公民社會？

有鑒於此，本次的公聽會將邀集產、官、學，以及讀者四方代表，共同商討如何創造多贏的局面。

我們呼籲政府盡快針對此議題展開討論與研議，也希望讓社會大眾了解，為什麼我們應該關心出版圖書產業，以及我們將打造什麼樣的共同未來。",2023-04-11 14:01:35,https://facebook.com/peiyu901/posts/610462977767632
218,152516794427879,"今天我召開「市場通路惡性競爭，文化產業的未來在哪裡？」公聽會，邀請讀者、產、官、學四方齊聚一堂，共同商討文化產業的未來。

我要特別感謝今天所有與會的來賓、部會、 蘇巧慧 委員、 護理立委 陳靜敏  委員、林宜瑾  委員以及全程參與的 吳思瑤  委員，在現場提供了不同層面的寶貴意見。有支持與反對圖書折扣秩序制的雙方人士，也有代表通路、書店、讀者、創作者和出版人的聲音。有了這些多元的聲音，我相信能讓政府未來的施政更聚焦也更全面。

現在能做的事、我們就要現在開始進行。我們已經再度邀約相關部會進行討論，請大家持續關注這件事的發展。",2023-04-11 19:23:42,https://www.facebook.com/peiyu901/posts/pfbid02SMvwdyS4XdESwmk49Qhey4FrmHPdmzc2U4vbxGo7st1dGxfqt3nGeHuiZhqEueEal
236,153078844371674,"昨天早上我與欣純委員、素月委員召開「沒評估？怎治療？早療量能嚴重不足、經費人力快快撥補」記者會。

國內半數以上發展遲緩兒童，3歲後才被發現且專業人力普遍缺乏，錯過黃金療育期，實在是件遺憾的事情。

我認爲，針對早療量能嚴重不足、兒童排不到聯評的現況，必須呼籲政府需盡快研議，撥補相關預算及人力，經費。

力求早期發現、早期評估，才能把握黃金療育期，達到早期治療、減輕兒童發展遲緩現象，我們必須提供家長安心生育的環境，才能讓家長們放心！",2023-04-12 16:13:28,https://facebook.com/peiyu901/posts/153078844371674
289,153094747703417,陳培瑜 updated their profile picture.,2023-04-12 16:53:00,https://www.facebook.com/peiyu901/posts/153094747703417:884911189275268
151,154546920891533,"最近屏東鳳梨與芋頭進入盛產季節，很高興立法院好同事 鍾佳濱 委員的邀請，與 鄭文燦 副院長 、 護理立委 陳靜敏 立法委員、高樹農會 洪華進理事長 出席今天的推廣展售記者會。
 
由於天候、國際因素等影響，使得鳳梨與芋頭的價格波動，內外銷量受到限制，來自高樹鄉的芋頭香濃綿密、鳳梨酸甜多汁，如果因為不可抗力的因素賣不出去，實在可惜。

因此，希望藉由這個機會，加強與政府單位的媒合，讓屏東最優質的農產品能夠順利銷售，減輕農民的負擔與憂慮。

我在花蓮生活時，就經常帶著孩子以行動支持食農教育，透過親身認識這片土地，培養簡易的耕食技能，孩子與生產環境互動的過程，自然而然產生對食物的尊重與感激。

一顆鳳梨的成長需要18個月的等待，為了珍惜農民的辛勞，我會將鳳梨果皮熬煮成鳳梨冰茶，再加上鳳梨丁，就是一杯炎炎夏日裡，消暑又健康的自製手搖飲！

希望大家能支持來自高樹鄉的優質鳳梨和芋頭，並向農友選購，給予他們實質的支持與鼓勵。

如有需要，請電洽屏東縣高樹農會：08-7962014",2023-04-14 15:42:10,https://www.facebook.com/peiyu901/posts/pfbid02cnBzhLP5CYrqGz7xVmxBM8Q76rLxscGPdTpKm9gR3v3dSjq1acfMBwTGr3gZFq16l
202,157472687265623,"週末參加了第35屆信誼幼兒文學獎。

信誼幼兒文學獎是台灣歷史上第一個幼兒文學的獎項。它的成立，不僅體現了對幼兒的重視，更展現對本土繪本創作的支持與熱情。

我很高興越來越多的繪本選擇呈現給孩子，讓他們能夠聆聽和閱讀屬於台灣的故事。

想起每一次和孩子們共同閱讀繪本，都是一段愉快的冒險旅程，我們會一起探索情節，分享感動，產生疑問，並一起討論答案，這些經歷都是我們美好回憶的一部分。

因此，在這個經歷中，我深深體會到，繪本不僅是一本書，是家庭中創造深層交流的機會，以及我和孩子們之間建立連結的重要方式。

期待未來有更多台灣繪本創作者的作品，讓家長能為孩子說更多台灣的故事。",2023-04-18 16:11:42,https://facebook.com/peiyu901/posts/157472687265623
39,158739650472260,"【《國民教育法》修法，立法院教文委員會審查完成！】

經過本週兩天的審查，我和教文委員會中關心國中小教育的委員們，一起完成了《國民教育法》修法的審查！

本次修法並不容易，因為是從原本的22條大修為62條，且有許多觀念、理想及實務現場的碰撞。為了爭取國中小師生的權益，我在審查過程很努力和教育部、國教署溝通，並爭取到：

1. 校務會議應邀請學生代表列席參與，讓學生保有參與校務會議之機會與權利，且由於只是「列席」參與，不會算入校務會議開會須到人數，也不會影響到校務會議的討論與決策。

2. 學校應寬列圖書採購預算，持續充實學校圖書館館藏，使學生有更豐富的閱讀選擇，提升學生閱讀的動機與興趣，有效推動閱讀教育。

3. 學校教科書的編輯與審定，應符合我國現行法律以及在我國具有效力的國際公約，避免再次發生教科書內容違反法規的問題。而為確保教科書編輯人員及單位具有足夠的相關知能，教育部底下的國家教育研究院也必須辦理相關研習或培訓。

4. 學生的學習不該再侷限於教室，學校應推動學生走出課室，提供學生體驗課程，讓教育真正融入生活。

5. 為推動正常化教學，應由教育部制定各縣市督導學校機制的相關辦法，確保各縣市督導方式、範圍等有全國一致的標準。

6. 學校租借場地供他人使用，應以公益目的為優先，且不得影響校內師生使用，以確保校內師生使用校內場地、設施、設備之權利。

《國民教育法》審查已告一段落，62條中剩下4條保留協商，包含實驗教育、學生申訴機制，這兩項後續協商時，我都會持續關注及爭取，希望能為學生爭取更多應有的權益保障及協助！

吳思瑤 范雲  FAN, Yun 堅持．張廖萬堅 林宜瑾 護理立委 陳靜敏 陳秀寶 張其祿 萬美玲 王婉諭 黃國書",2023-04-20 13:24:11,https://www.facebook.com/peiyu901/posts/pfbid02gPSKat6Mo7SxWxkJHRTZ2HPAze5BB4SStCPRajRooE1oXjgepwp3snSdYknDTFBAl
86,158826783796880,"今天是台灣第一個性別平等教育日，也是葉永鋕的紀念日。

這是一個值得思考尊重差異性的日子，當我們看到不符合既定印象的孩子，往往會先感到困惑，為什麼孩子跟我們不同，跟社會的期待不同呢？

於是為了保護孩子，我們做出的決定很可能在無意中扼殺孩子天生的獨特性。

沒有理解對方的前提下，我們對孩子的解讀、評價、甚至是建議和幫助，都會不小心傷害到他們。

我們需要勇於對孩子提出問題，並努力去理解他們，我明白這很困難，卻是作為家長需要時刻提醒的功課。在教養孩子的過程當中，我們會一邊釋疑，關於自身對未知感到不可控的恐懼。

我們家的弟弟，從小喜歡留長髮，也喜歡穿粉紅色，外貌特別柔靜的他，經常有路人會叫他「妹妹」，我都會解釋是弟弟。直到某天，弟弟說：「媽媽，你不用提醒他們了，大人只會看到自己想看的東西。」

後來，長大的他，氣質趨近社會中「男孩子」的樣貌了，許多人又說：「男生留長髮，一定是要捐髮吼！」

他再次告訴我：「大人還是只看到自己想看的東西。」

現在的他瘋狂地著迷打排球，剪掉了亮麗的長髮，也捐贈給需要的單位。

我好奇問他：「弟弟，為什麼你以前那麼喜歡留長髮呀？」

「你不覺得我留長髮的樣子很好看嗎？因為我很喜歡我留長髮的樣子。」

不需要特別的理由，跟喜歡不同顏色一樣，長髮、短髮，都只是一種個人喜好，爸爸媽媽只要負責支持他們開開心心的成為自己，就是最棒的事情了！",2023-04-20 16:30:31,https://www.facebook.com/peiyu901/posts/pfbid0XQWHe9GT4dADSio2HgTfmUDhC4sMs2f1oaXDstJi8b4yVwTXWBnG9pQbnnfqqGMyl
53,159392747073617,"和各位關心文創的朋友報告一個好消息！
昨天下午，文創法修法已審查完成、送出委員會！

這次修法的一大重點在於「開放投資抵稅，鼓勵民間資金一起挹注台灣文創產業」，我對此相當重視且支持，因為出版業出身的我很清楚，文創產業要能健康成長，除政府補助外，民間的支持與資金投入更是不可或缺的一環！

文創產業的成長需要時間，因此我和各位委員努力，將投資抵稅規定的實施年限，從原本的5年、得視情況延長5年，直接改為10年，讓台灣文創的成長之路更加穩健。

至於文化部限制投資抵稅範圍為「國家戰略重點文創產業」，我也透過附帶決議，要求文化部協助行政院核定「國家戰略重點文創產業」及會同財政部制定相關辦法時，應均衡考量各類文創產業的發展需求，排定重點優先順序，避免預設排除任何產業。希望藉此讓資金能以最合適、最貼近實務需求的方式協助文創發展，同時兼顧公平性，讓影視音以外的台灣文化內容產業，也都有可能成為溫暖國際的台流。

關於未被納入「國家戰略重點文創產業」的文創產業，我也要求文化部必須規劃相關配套措施，鼓勵、協助有意願投資的公司和個人進行投資，讓這些產業仍能機會獲得必要的資金挹注，促進台灣文創產業的共同發展。

在我多次努力協商、溝通，以及其他委員的協助下，文化部最終同意我的提案，承諾將會做到以上事項！

再次感謝 范雲 FAN, Yun   吳思瑤 、 堅持．張廖萬堅 、林宜瑾 、 陳秀寶 、
護理立委 陳靜敏  、 賴品妤 、 立法委員 林楚茵 等好夥伴，以及 文化部  、 史哲 
 中華民國財政部 ，一起審完文創法，共同為奠定台灣的文化經濟根基而努力。",2023-04-21 11:12:04,https://www.facebook.com/peiyu901/posts/pfbid02BJMnaqJpVxEjfJzD6gF7e8FDQanBqzFF4TFcNRvxVSQjLVSuGWX7ygxpazWRRU91l
40,161671903512368,"經過二天密集的審查，今天下午立法院教文委員會終於審完特教法，送出委員會！
　
很感謝 范雲 FAN, Yun  吳思瑤  堅持．張廖萬堅  林宜瑾  護理立委 陳靜敏  陳秀寶 吳玉琴   潘文忠  的一同努力！
　
這次《特殊教育法》審查過程，我特別關注特教學生、家長及教師的權益，包含特教預算、培訓專業人員融合教育相關知能、大專院校個別化支持計畫相關規定、生師比、特教學生在校生活與復健等協助、心評專職化、遭受歧視的救濟措施、特教評鑑等議題，並盡力爭取。
　
除前述議題外，我想和大家分享一個修法過程中我自己非常在意的條文：
　
過去台灣某啟聰學校曾發生嚴重的集體性侵案，九年內，這間學校共發生164件性平事件，並造成高達92名特教學生身心嚴重受創，這是台灣特教史上非常令人心痛且憤怒的重大事件，也是之前電影《無聲》的原型事件。
　
事件發生時，學校內的老師及校長幾乎都不會手語，造成學生生活中的表達與求助難以傳遞，溝通常出現阻礙，且也因此延遲了問題被發現的可能性。
　
能否看見小孩的求助、是否願意站出來救小孩的關鍵，當然不是只在會不會手語。這起案件中的多數老師及校長，不論是否會手語，都有著不小的問題。

但我很清楚，如果啟聰學校的老師、校長完全不懂手語，真的會對教學造成影響，且也會影響了解學生狀態的速度與面向。因此，我在這次修法時，特別提出，希望啟聰學校的老師與校長，應該至少要讓具備手語知能者優先，謝謝教育部接受並採納了我的提案。

我總是希望，每一次修法或政策改進，能讓悲劇不再重演，能讓更多孩子在校園內獲得更完善的照顧及發展。這次睽違14年的特教法大修，是重要推進的一次機會，謝謝這二天所有委員一起為特教學生、教師努力，我也會繼續全力以赴！",2023-04-24 18:47:36,https://www.facebook.com/peiyu901/posts/pfbid0XAdr2QR5AMCHxjH2tYRV2pBdfQyfhHP2nwjbEgJkemfWkrPCaZSqL6Q36gemUaXhl
257,162394643440094,"歡迎 台灣的老朋友 瓜地馬拉 總統 賈麥岱 來台參訪！

今天賈麥岱總統在國會演說提到：
「瓜地馬拉支持台灣積極捍衛國家主權及領土完整，促進和平及中華民國台灣作為主權國家參與國際社會的訴求。」

瓜地馬拉作為我們的民主盟友，從1933年雙方建交至今，我們將持續深化各領域合作，攜手並進。台瓜友誼長存！",2023-04-25 19:41:30,https://facebook.com/peiyu901/posts/162394643440094
73,165042426508649,"昨天我很榮幸與文化部 史哲部長、蘇巧慧委員、洪申翰 Sun-Han委員，共同見證 文化內容策進院 Taiwan Creative Content Agency與富邦文教基金會簽訂合作意向書，期待這次的合作，我們能夠提高台灣原創兒少影視內容的質量，讓更多優秀的作品誕生，也吸引更多民間投資進入這個領域，為產業注入活水。

會場上來自不同國家、擁有豐富兒童節目製作經驗的專家，分享了他們的經驗。讓我們更加了解製作優良的兒童節目對於兒童教育的重要性。

尤其，挪威公共電視兒童頻道NRK SUPER的創辦人Kalle Fürst在現場提到，兒童節目必須兼顧娛樂性和知識性，他打趣的說：「因為我們大人也不喜歡看無聊的節目。」

故事裡角色的演繹，人性經驗，呈現的文化樣貌，會影響到孩子們如何成長。而在教育、知識傳達的基礎上，身為大人的我們有義務跟責任給孩子們「好看的故事」。

藉由兒童節目，將孩子們的成長難題，例如：社交關係、同儕關係、數位媒體關係、愛情和學業壓力等等，把議題藏在故事裡，製作成好看的節目。這樣一來，孩子們不僅可以從中學習解決問題的技巧，也會開始思考問題的本質，陪伴他們更好地成長。

過去在繪本書店，深感培育台灣本土創作者與增加兒少娛樂選擇的不容易，期待接下來透過政府與產業的合作，我們努力培育創作者，使他們有更多發揮的空間，也讓孩子有更多、更優質的台灣原創兒少節目可以選擇，創造更肥沃的土壤。",2023-04-29 14:34:41,https://facebook.com/peiyu901/posts/165042426508649
157,165209989825226,"最近，在繁忙公務之餘我仍然喜歡讀繪本，有朋友問我：「最近讀了什麼繪本？有了什麼工作與繪本之間的連結？」這真是個好問題！

繪本裡的文字和圖畫，是一個豐妙多元的想像空間，繪本裡的故事和氛圍，只要你願意待久一點，必能腦、身、心通體舒暢。

五月份開始，我即將在全台的獨立書店舉辦《培你讀繪本》活動，第一場即將在5/7  花蓮文創園區展開。

因此，如果你也願意一同閱讀繪本或是討論議題，那就來「培」你讀繪本吧！當然也歡迎你帶著喜愛的繪本，或是你關注的議題前來！

──────────────────
五月份活動資訊：
5/7 14:30-16:30 花蓮文創園區樂見里8號閱覽室(花蓮市中華路144號第八棟樂見里8號閱覽室)
5/17 19:00-21:00 海和日常‧日常提案所(台東縣綠島鄉公館39號)
5/18 19:00-21:00 晃晃書店(台東縣台東市漢陽南路139-1號)
5/27 14:30-16:30 洪雅書房(嘉義市東區長榮街116號)",2023-04-29 20:38:43,https://www.facebook.com/peiyu901/posts/pfbid02o25JPSdVg3WWrfKHk4D39KCUhXpbCWAjBxmLjF6GYxthE9hpK2MhYCjBwcqYvr2ol
159,165840996428792,"今天是4/30 「 #國際不打小孩日」，在1998年由美國民間單位發起，後來台灣也在2006年加入響應，提醒大人任何形式的暴力都不被允許。

我明白，教養過程難免遭遇挫折，身為父母，沒有人真的願意傷害自己的孩子。尤其現代社會壓力大，在面臨生活壓力之下，如何維持成熟智慧的面面俱到，是相當不容易的課題。

在成為立法委員之前，我經常透過課程講座、家長讀書會分享親職教育。某次與家長們對談的過程中，他們提到，雖然會忍不住想打小孩，但其實他們也像孩子一樣需要需要被溫柔地接住，需要得到友善的愛與關懷。

於是我更堅定，提供家長獲得良好的「育兒喘息服務」，建置完善的親職支援系統，家長們就能有餘裕練習用溝通、擁抱代替打罵，練習在情緒當中停下來思考—除了打他，我還有什麼選擇。

我在立法院，會持續為家長爭取更友善的育兒環境及支持系統。也由衷希望，每個大人和孩子都能被「愛養」，那麼我們就會離「不打小孩」的社會又更加靠近。",2023-04-30 18:18:19,https://facebook.com/peiyu901/posts/165840996428792
104,166518136361078,"五一勞動節，是慶祝辛勤工作的節日。

曾經擔任國中老師的我，曾經也跟我的學生們討論到，現今學校裡面所學的知識和能力都只是基礎，讓我們有機會站穩發展自己的第一步而已。

由政府部門給予的「終身學習」的支持系統和個人增能的動機，才是走出校園之後的每一位各行各業的工作者所需要的。因為變動快速的勞動市場和勞務需求，確實在一次又一次的變化中，讓一些人在變動的洪流中被淘汰！但這樣的不僅使人失去生活所需的依靠，更剝奪了一個人的生存尊嚴。

因此，當過去的知識與技能已經不再適用於今日總體環境時，教育訓練的改革就更加迫切。

這讓我想起一本很喜歡的作品：《知道與不知道》，當我們知道的越多，我們就擁有越多的選擇，因爲「知道」能給我們自由、也才得以有機會讓人們過著自己想要的生活。

因此，我們不僅需要創造一個環境，培養青少年學習適用於現今產業的技能與知識，使他們更有能力建構自已的人生。更期待和相關行政部門一起努力，為青少年提供在未來還能夠帶著走的能力，從思考到實作，手腦並用，成為有選擇自由的公民。

在勞動節這一天，除了關心勞動權益相關議題，也請大家一起來關心教育現場，期許透過更多人的討論和參與，讓校園裏的教學方向和目標，真的可以成為青少年作為認識自己、探索世界的重要起點。",2023-05-01 18:03:14,https://www.facebook.com/peiyu901/posts/pfbid032QLhN1HYXEgaoNnfvKvfg6JWcW518N8UP9aZfAi4dr6cKomFH3oemSaaQzjsnWNil
138,167122759633949,"今天早上我和 鍾佳濱委員、 護理立委 陳靜敏 共同召開「賣A肝莓！消費者健康誰把關？民眾受損廠商甩鍋，食藥署接受嗎？」記者會。

近期，知名美式大賣場販售的綜合莓果染A肝病毒，17000多公斤的A肝莓果流入市面，引發社會對食品安全的關注。

根據《食品安全衛生管理法》規定，上市上櫃的公司必須要設置 「食品安全檢驗室」，而知名美式大賣場因為不是上市櫃食品業，只能依據連鎖業者的食安規定，自主管理送驗。

我在此呼籲，希望在未來的法令上，非上市櫃的大型業者也必須設置「食品安全檢測室」，加強對食安控管的力度。

莓果是所謂的「原型食物」，許多人會拿來做優格、精力湯，除了主管機關要負起責任外，教育部與農委會也應該趁此加強食農教育，讓學生瞭解食物來源，並提高對食品安全的意識。

我也鼓勵大家多多使用台灣在地的食物，例如這陣子盛產的鳳梨，新鮮好吃，既能減少碳排，更能做好安全把關。

最後，賣場已經承諾，相關檢查費用，他們願意承擔，也請有疑慮的民眾，撥打全國消費者服務專線「1950」，由消保官協助諮詢處理。",2023-05-02 15:02:19,https://facebook.com/peiyu901/posts/167122759633949
298,167622912917267,早安。有陽光和綠色植物的早晨，以此做為本日起點。,2023-05-03 08:10:04,https://facebook.com/peiyu901/posts/167622912917267
43,167900286222863,"【打造以兒童為本的國家兒童未來館，跟上國際、創造更多可能性！】
　
對於正在籌備規劃、全台第一座涵蓋文化、科技、教育、娛樂等面向的「國家兒童未來館」，我和大家一樣都非常期待！
　
兒童未來館興建計畫在前年8月行政院核定後，今年1月獲得行政院同意，整體經費增加至164.9億元。日前文化部依進度已完成招標文件研擬，接下來即將公開招標、國內競圖，預定年底前就會完成建築師徵選。同時也將舉辦兒童參與式規劃，將兒童的想法反映給設計團隊。
　
我自己相當關注兒童未來館的進展，也希望在過程盡一份心力，所以今天質詢時，我便和文化部史哲部長提到，我發現兒童未來館的「先期規劃總結報告書」中，有把國外傑出的兒童博物館納入研究，像波士頓兒童博物館、印第安納波利斯兒童博物館等，這是相當好的方向。
　
但可惜的是，這些國外案例的綜合分析卻嚴重不足，有些內容幾乎是把網路上的博物館簡介直接貼到分析表格，有些欄位是放到各間場館全都適用的空泛內容，還有些甚至無法對應分析主軸。我擔心這樣表面空洞的分析，不僅無法達到原本分析該有的成效，更無法讓這些優良的國外經驗，真正用來協助兒童未來館的規劃及營建。
　
所以我和文化部建議，應該要檢討目前分析的不足，提出一份真正的國外案例綜合分析，以此檢視兒童未來館目前規劃是否仍有不足，讓國際的優良經驗真正成為本館的基石。
　
感謝史哲部長也認同分析的重要性，承諾將在三個月內完成完整的國外案例綜合分析及國內外整體的比較報告，未來的策展規劃上也會保持彈性，持續滾動式檢討。

有了關鍵的分析，好的國際經驗才能化為兒童未來館的養分，希望兒童未來館後續營建的過程，能夠藉此更加以兒童為本，跟上國際、創造更多可能性！",2023-05-03 18:45:35,https://www.facebook.com/peiyu901/posts/pfbid0rJ6qwJmWU9K98NcV17Q3n7CK3B7FeYPjHCdQyR21WEuzRSp8d1BosVyUa4cdsANcl
24,168001152879443,"柯文哲在政大演講談論低薪問題時，他說：「低薪是教育出問題，因為教出來的學生沒有那個價值。」並且說：「如果該科系畢業生起薪太低，表示那個系要縮編，因為供過於求，應回復到市場規格。」

柯文哲遭受批評後，隔天依然故我，不認為自己的說法有問題。

這讓我想到2020年他曾經評論老人與海「很無聊」， 直接翻到最後面看結果，就跟看棒球一樣，看過程幹什麼，浪費時間。這樣的說法，多年後也正只是再度展現出他在自己都不了解的事物前的傲慢心態！

這幾年許多朋友都可以看得出來，柯文哲不僅傲慢無禮，更是一個輕視人文素養精神的人。當他一而再、再而三的說出讓人跌破眼鏡的發言時，我實在不敢想像，這是一個口口聲聲說要成為台灣總統的候選人所說出來的話。他究竟要傳達怎樣的價值？

台灣多元的文化土壤與生活日常，是多年教改下的累積，經過了許多大學教授、地方教師、行政機關和家長們共同參與的努力，我們才得以擁有校園裡自由民主並且豐富多元的學習風景。

台灣這片土地上最珍貴的資源是：每一個人都願意保持開放的心胸，接受多元的價值，尊重每個人的職業選擇，以及追求的生活樣貌。

每個人的理想目標和生活選擇都是獨一無二的，怎麼可能以單一標準去評斷？尤其是以賺錢作為評判一個人的價值標準？

人的價值和科系的意義不能只以賺多少薪水去評斷，每一個人都可以因為自己的理性選擇而對自己感到驕傲和開心。

一個說要選總統的人，對於這塊土地上的人們和其選擇，竟是如此的輕視。這樣的人憑什麼值得我們的選票？

曾為國中教師的我，想要告訴柯文哲，當你以為可以用輕易切割的態度在看待科系學習，不僅傷害了每一個專業能力知能的學習，更是加深了社會中不同專業族群的對立和製造矛盾。

僅以此文，祝福此刻正在面臨會考倒數18天的國中生；也祝福正在等著即將公佈放榜的高中生，在選擇人生方向的路上，都能看到自己的閃耀光芒！",2023-05-03 22:01:22,https://facebook.com/peiyu901/posts/168001152879443
179,168461312833427,"「培你聊天呷便當」的第一場，昨天開聊，我們戰戰兢兢，深怕怠慢了來訪的家長們。倒是來訪家長很開心，把立法院前前後後裡裡外外逛了個夠。畢竟對於大多數人來說，立法院一直都只是電視螢光幕上的場景。

在吃便當的時候，我們聊到學校裡的閱讀推廣老師。一位家長說，如果有認真的閱讀推廣老師，小孩的閱讀興趣跟語文能力都明顯提升，可惜因為種種理由，許多學校只能依賴志工分擔這個職務。

閱讀不只是吸收資訊，更是讓孩子練習「定靜安慮得」。對於閱讀推廣老師的不被重視，我們都認為應該仔細檢視現有制度（磨刀霍霍⋯⋯）。

吃一餐便當可以聊很多，還包括志工保險費用、冷氣電費、營養午餐等等。謝謝家長們幫忙指出問題（提供彈藥），且待日後讓我再針對這些問題與相關部會討論！

未來，我也將持續傾聽家長的心聲，為孩子共同營造良好的學習環境而努力。",2023-05-04 13:51:49,https://facebook.com/peiyu901/posts/168461312833427
182,168638596149032,"💪 用科學，守護青少年運動員！💪

你能想像你的孩子興高采烈去參加比賽、但是哭哭啼啼受傷回家嗎？運動傷害這一題，始終是家長揮之不去的擔憂。

其實是有兩個解方：一是靠拜拜，二是靠科學！

不過因為今天是質詢國科會，所以我先談第二個解方。我認為，我們可以在青少年運動員的訓練及比賽中，引進更多運動科學研究成果，以避免運動傷害、協助傷害復原、並讓訓練負擔更合理。我也向國科會吳政忠主委提起，國科會從2018年開始執行的「精準運動科學研究專案計畫」，其中有非常多的研究成果，應該具體落實於運動員訓練中。

☑️感謝國科會吳政忠主委，他馬上承諾將盤整適用於青少年之研究成果。而教育部劉孟奇次長也隨即承諾，將要求體育署與國科會共同研擬如何擴大應用研究成果！✨✨✨

至於「拜拜」這個解方，我其實很有心得，下回再跟大家分享。",2023-05-04 20:09:29,https://www.facebook.com/peiyu901/posts/pfbid02Fzwv4h8HiHWbd3yV8zgEJA1qMgjv3zLv8J4wE6JzKFeuYk8H5KY1KvW7dRjkoVtsl
127,170811422598416,"這個星期天，我舉辦的「培你讀繪本-從繪本看議題」繪本環島活動，第一站來到我最熟悉的花蓮。

研究所時期，繪本《天空為什麼是藍色的》是我的繪本啟蒙老師。故事裡活潑好動的小兔子總是對世界抱持疑問，但是還好身邊有沉著穩重的驢子願意等待、陪伴「過於好動的小兔子」從知識走出世界探索。就如同我們大人，也需要不斷地重新審視教育孩子的視角，需要練習更多的同理與耐心。

在閱讀這些繪本當中，如果我們能開始看見自己也有小孩的那一面，並開心的徜徉在繪本的文字與圖畫，給自己一點空間，陪伴內心的孩子聽故事。

同時我也分享了多本談論嚴肅議題的繪本，不管是討論社會貧富差異、威權統治的故事，我很開心現場的聽眾給我的反饋與生命經驗的分享。

對我來說，繪本是打開談論議題的媒介，它有漂亮的圖畫，簡單卻又深刻的文字，是拉近彼此距離的最好方式，一起看故事，交換意見，一直以來都是最棒的事情！

最後一本書，我用《明天，很有可能》作為結尾，在遇到困境的時候，我總是會用這本繪本提醒自己，無論如何，明天會更好，我也祝福聽眾朋友，不要忘記，明天的明天，很有可能。",2023-05-07 21:56:14,https://www.facebook.com/peiyu901/posts/pfbid0nqoyJrDwgF74NdHAPmwt6rSURTvsyb94twaVw7FZbrhXJFMHchVG18GZCe3g52jFl
82,172626082416950,"讓每一位孩子都能夠吃得好、吃得飽、平安健康的長大，是每一位家長共同的心願！今天我與 范雲 FAN, Yun 、林宜瑾 、  陳秀寶  、 護理立委 陳靜敏 共同舉辦「營養健康不可少，食農教育誰來教？」記者會，希望社會大眾可以共同關注孩子們在學校的飲食與教育議題！

近期學校營養午餐事件層出不窮，我也一直持續關注學校營養午餐的問題。孩子們成長過程中，有將近十年以上的時間接觸到營養午餐，這影響著孩子從小到大的身心健康，以及所養成的飲食習慣。

關係著學校營養午餐的法規範，包含了《食農教育法》、《學校供餐法》以及《國民營養及健康飲食促進法》，這三部法律是健全學校營養午餐的鐵三角，缺一不可。但是目前僅有《食農教育法》於去年5月立法通過，但《學校供餐法》以及《國民營養及健康飲食促進法》目前仍欠缺部版草案，導致立法遲滯。為了繼續推進我國食農教育、營養教育以及健康促進的發展，未來我也將以照顧學生營養健康的立場，提出我自己的《學校供餐法》、《國民營養及健康飲食促進法》草案。

在2023年母親節的前夕，我們將努力為孩子以及全國人民的健康做把關，作為全國家長的母親節禮物！

也很感謝今日 大享食育協會  、中華民國營養師公會全國聯合會以及中華民國餐盒食品商業同業公會全國聯合會到場分享寶貴的意見，也很感謝 教育部國民及學前教育署 、國民健康署   以及 行政院農業委員會 到場回應！",2023-05-10 13:44:55,https://www.facebook.com/peiyu901/posts/pfbid02mRFF1B74ZMTs3pTCXB9BbjZ5hS7jxtwNUWYMwCHqgrw8BWvLZ9sbjQZ4zd6Gcn63l
176,173359245676967,"【遏止虐待動物 從「心」做起】
研究顯示，虐待動物與家庭暴力有明顯連結。例如以威脅要傷害動物來逼迫伴侶順從，而家中兒少若是目睹虐待動物的行為，可能成為暴力代間傳遞的受害者。

「毛孩也是家人，對毛孩施暴也是家暴」，我們都對虐待動物的案件深惡痛絕，但若僅以徒刑和罰金制止暴力，只是治標不治本。因為暴力行為者的心理狀態，往往是揮之不去的懦弱、自卑。尤其對「毛孩子」施以暴力的人，其心理狀態恐怕更加不堪聞問。該怎麼辦？

我認為在重罰之外，更應該著重在施暴者的精神健康！唯有解決其內在困境，將心理處遇機制入法，才能遏止悲劇一再發生。

昨天我在立法院提出上述看法，很高興農委會承諾將與衛福部討論，把心輔資源導入法規並具體實施。我也會針對《動物保護法》提出修正草案，並積極監督與推動法案的進行，不再讓親愛的毛孩家人受到傷害。",2023-05-11 17:37:05,https://facebook.com/peiyu901/posts/173359245676967
89,174555502224008,"和惠文是多年前在談論繪本的節目上認識，這次是以立法委員的身份上她的節目。

感謝惠文的邀請，談話時就像和朋友聊聊天一樣自在。專訪內容關於我成為立委的心境，當上立委後正在推動的政策，以及是怎樣的成長經歷形塑現在的樣子。

如我在節目裡提到，面對人生的難題時，「對自己誠實」是很重要的事。我也在節目中「誠實分享」面對人生中不同選擇與困境時，與自己相處、和解過程中的真實。

在母親節前夕上架這份專訪對我來說特別有意義，身為母親，我要回過頭感謝我的小孩，陪伴我走過這些人生大大小小的難題時，他們的陪伴與哲學式的思考，對我來說，是最棒的母親節禮物。🌷

鄧惠文-心事有人知
https://youtu.be/8YJuxiKXzxE
————————————
【youtube頻道】
心事有人知-https://reurl.cc/V5Gj9Z

【Podcast】
Apple - https://reurl.cc/Enq0qg
Spotify - https://reurl.cc/2rxRME
Sound On - https://reurl.cc/35gy8V
KKBOX - https://kkbox.fm/0t0w3b

YOUTUBE.COM
被母親拋下後，如何成為自己的英雄？ - 鄧惠文 專訪 陳培瑜 立法委員 -【心事有人知】20230512",2023-05-13 11:07:03,https://facebook.com/peiyu901/posts/174555502224008
242,175366985476193,"第二場《培你讀繪本》活動，即將於台東的獨立書店─ 晃晃二手書店 舉辦，歡迎喜歡繪本，或是想一起討論議題的朋友，一同來分享你的看法！
───────────
日期：5/18(四) 19:00-21:00
地點：晃晃書店(台東市漢陽南路139-1號)
活動網頁：https://www.facebook.com/events/780274103719252
報名連結：https://reurl.cc/4QKaMK",2023-05-14 14:34:39,https://facebook.com/peiyu901/posts/175366985476193
244,175496865463205,"有一天辦公室同仁問我，母親節想為媽媽做菜，卻不曉得如何開始。於是熱愛做菜的我立刻滔滔不絕地為同事講解做菜的眉眉角角，在交流的過程中產生了這個「為媽媽做菜」的企劃。

雖然公務繁忙，現在家裡的大廚換成了爸爸。過去對我來說為家人下廚是最幸福的事，現在工作忙碌之虞吃到家人做的菜，除了幸福還有滿滿的感恩、知足！

朋友們看完影片有什麼想指定的菜色，也歡迎留言告訴我，在這裡祝福大家 ＃母親節快樂！",2023-05-14 18:57:57,https://facebook.com/peiyu901/posts/175496865463205
167,176118548734370,"#培你聊天呷便當
#第二場 (20230515)

第二場的「培你聊天呷便當」，迎來基隆的家長代表們。#基隆市家長會長協會、#基隆市學生家長聯盟、以及會址在基隆七堵的 #全國家長會 幹部們，穿著各自單位的背心，在立法院的各個「景點」合影留念，非常融入！

我們一邊吃著便當，一邊聊著各式各樣的教育議題。一位家長說，特教生在寒暑假期間，沒有交通車接送的服務或補助，很頭痛呀！我說我知道，基隆並非特例，已有許多家長與團體向我反映。

學校既然開設了寒暑假課程，也備妥了充足的教師人力，不就應該讓孩子們能順利上學嗎？實情卻是，特教孩子與家長被綁在中央與地方之間錯綜複雜的法規中，無法順利上學。

除此之外，我們也聊到家長會在學校內的模糊角色、因應AI發展的教育策略。感謝基隆的家長們參與這場便當會，讓我更知道如何以中央民意代表的角色一同協力，一起為孩子營造更好的學習環境。",2023-05-15 17:39:20,https://facebook.com/peiyu901/posts/176118548734370
125,176616558684569,"恭喜！同婚共同收養三讀通過，感謝朝野黨團的支持，未來的同婚家庭，同樣可以經過法院評估收養子女，讓愛超越藩籬！

台灣是亞洲唯一同性婚姻合法的國家，這件事在5/17 國際反恐同日前夕通過，在台灣、國際上更具有歷史意義！

過去的台灣，單身可以收養小孩，但是同婚家庭卻無法收養孩子，這次法案的通過，除了收養孩子之外，同性伴侶擁有親權的一方過世，孩子也不必面臨再次送養，更加保障兒童的權益。

這讓我想到由我翻譯的繪本《一家三口》中，企鵝園裡的公企鵝羅伊和史力歐，他們總是相互陪伴，一起散步、一起游泳。當其他企鵝開始忙著築巢孵蛋時，羅伊和史利歐也築了一個很棒的巢，但巢卻有一點空空的。

有一天，保育員古先生發現一顆無人安置、急需被照顧的蛋，交給了羅伊和史力歐照顧，他們日夜不停地照顧這顆蛋，輪流保持這顆蛋的溫暖。寶寶破殼後，古先生為牠取名雙雙。

羅伊和史力歐會帶著雙雙和其他企鵝家庭一起游泳、玩耍。日落時，也像其他企鵝家庭一樣，回到巢裡緊緊的相擁入眠。

就像動物園裡的其他動物一樣，也像台灣此刻一樣，無論是什麼性取向，只要心中有愛，就會發現，愛都會是一樣。",2023-05-16 12:46:54,https://www.facebook.com/peiyu901/posts/pfbid0v4dYvqzY8qtEWgGnxbD6ysbKLby5nU6kpUNEACiaJGMVKWNnirehSRBrDR36BCd3l
169,177412861938272,"堅定支持台灣女子足球員參加國際賽事！

今年5月4日看到新聞報導臺北市女子足球員職業工會（女足工會）對本屆東亞青年運動會（在蒙古烏蘭巴托舉辦）中華奧會只派出U20男足代表隊參賽深表遺憾，我就持續關注女足機會被剝奪的問題。之後聽到體育署說女子隊今年有國際賽事可以參加，男子隊沒有，所以派男子隊（照這個邏輯女足永遠不能報名東亞青）…這種令人費解的理由。

加上這個禮拜收到女足工會來信陳情，足協積欠出場費和代課費的問題，需要儘快解決。

今天感謝 林靜儀醫師 溫柔堅定新中二 、陳秀寶、 林宜瑾 、堅持．張廖萬堅、 范雲 FAN, Yun 、愛信任-劉世芳 委員，與我共同提案要求體育署應該檢討東亞青沒有給女足參賽機會的問題，在一個月內提報改善計畫。

我和林宜瑾委員今天也繼續凍結體育署100萬預算，督促體育署輔導、監督足協的財務情形，儘速給付女子足球員應得的報酬。",2023-05-17 18:07:43,https://facebook.com/peiyu901/posts/177412861938272
309,177793908566834,早安,2023-05-18 07:18:38,https://www.facebook.com/peiyu901/posts/pfbid0Qd2EqAbZzKjvgNf1bBWKYsm2wWH83TdvFNzDXmnqSz4pX7jQeti9VDZQ2osBMSSil
131,178070928539132,"孩子的科普教育真的很重要，希望各界一同來支持！

今天，我在教文委員會和中研院廖俊智院長討論擴大辦理中研院院區開放活動，以及推廣兒少科普教育。

我一直很重視孩子們的科普教育，在我家的書櫃中，雖然收藏的大多是人文相關的書籍，但我也一直很有意識的保持一定的科普書籍比例。對我來說，學習科普知識，可以培養孩子發現問題、釐清問題並解決問題的能力，同時也能夠讓他們在接受到外界資訊時，能夠有獨立思辨的空間。即便孩子們將來未必會踏上科學研究這條路，但我仍然相信他們從小培養出來的獨立思辨能力，並不會因此消失。

當我在與廖院長談論兒少科普教育時，我向廖院長分享了我們目前市面上已經有許多內容有趣、圖片精美的科普讀物，並建議中研院也能夠嘗試出版一些科普讀物供孩子們閱讀使用。做為一個曾經參與過繪本出版的立法委員，我很開心聽到院長做出這樣的回覆：「中研院沒有辦法獨立完成這件事情，但中研院很樂意跟外面的專家一起協力完成」。

我很期待未來中研院能夠推出品質優良的兒童科普讀物，也希望看到這篇貼文的大家，可以與我一起支持兒少的科普教育！",2023-05-18 18:12:46,https://facebook.com/peiyu901/posts/178070928539132
15,178544435158448,"昨天一早，我在立法院的教育文化委員會質詢完後，即刻跳上火車，到台東 晃晃二手書店，繼續我的「培你讀繪本-從繪本看議題」繪本環島活動。

這次活動的書單是我從晃晃書店的書目中挑出，希望大家在聽完講座之後，都能買回自己喜歡的繪本，我自己也忍不住搬走許多老闆娘從日本帶回來的絕版繪本啊（大心）。

這幾年東奔西跑到處與人分享選繪本的方法，也談如何與孩子共讀繪本，在這些分享座談會中，最常聽到的問題之一便是：「為什麼我選的很多議題繪本，小孩都聽了一兩頁就跑掉了？要用什麼方法才能讓孩子讀完這些繪本？」其實孩子都很清楚自己為什麼要離開說議題繪本的現場，因為這些為孩子說故事的大人們「心中只有議題，沒有小孩」。當大人們只想用繪本做為外在的包裝，硬還是要把議題塞給小孩，而不在乎孩子的需求和反應，那麼不只孩子要跑掉，連我也會覺得無趣。

在晃晃二手書店的繪本書架上，從闆娘的選書中可以發現，她的心中有小孩也有議題，也因此才會出現像《HOME》、《你永遠是我的寶貝》、《野獸國》、《天亮了，開窗囉》、《紅色在唱歌》、《小藍和小黄》、《從前從前，火車來到小島》這一類的好書，書裡的故事和圖畫不僅有創作者才華的展現，當然也隱含了作家對於社會議題的關注和態度。但故事和圖畫先行走入孩子和讀者的眼中和心裡，有了蘊釀的時間之後，讀者自己有機會長出對於議題的敏感度及理解能力。「時間」於此成了必要的美味元素。

當然也有一些好書，是透過生動直述的文字和美麗的圖畫直接表達了對於議題的關心，像是《我是小孩，我有話要說》、《布魯卡的日記》、《爸爸的室友》、《黑孩子》、《蝴蝶朵朵》、《希望小提琴》、《一起走過愛的蠻荒》、《討厭綠色毛毛蟲的王子》這類的繪本，直白的說明了創作者對於議題的關注，不隱晦的與讀者溝通，也充分的展現創作者對議題的深入研究。

在晃晃二手書店的這一晚，和許多讀者好朋友，我們就在這些繪本和議題中穿梭，討論了議題，也欣賞了繪本。雖然台東行只有不到二十四小時的快閃行程，但沿路的陽光綠野和讀書談議題的這些好時光，已經足以打包成為一份美好的禮物放進心中了～對了，還有闆娘婆婆自製的糯米腸宵夜，也一併放進心（肚子）裡了！",2023-05-19 10:59:34,https://facebook.com/peiyu901/posts/178544435158448
253,179219778424247,會考前，看了許多也聽了許多考生的心情，「希望我能考上我想去的學校，因為我已經研究好了，那間學校有我想念的科別。」、「希望我考試這兩天不要太緊張，因為我一緊張就會失常⋯⋯」、「今年學校還是會幫我們訂便當，這樣爸媽不要來陪考，我就不會太緊張」。獻上多年前我自己做的小包粽，祝福這個週末的所有考生和家長都平安順利。,2023-05-20 08:39:22,https://facebook.com/peiyu901/posts/179219778424247
117,181057851573773,"孩子們沉迷於抖音，時常哼出幾首沒聽過的歌曲，仔細聆聽才發現歌詞內容超齡且不洽當？是許多家長近年的疑惑與困擾。

我也注意到「孤勇者」、「黑桃A」等抖音流行音樂的歌詞含有負面情緒、性影射等要素，但由於節奏感強烈、傳唱度高，迅速成為「幼兒園國歌」。

尤其抖音的操作技術門檻不高，可以透過軟體內建的協助拍攝功能快速拍出15秒的短影片上傳平台供人閱覽，因此就更容易散播偏差價值觀的影音內容。

對於這些事相信很多家長跟我一樣擔憂，深怕過早接觸這些不適當的影音內容，會影響兒少發展及身心健康。

今天趁著質詢機會，向數位發展部及國家通訊傳播委員會（以下簡稱NCC）分享英國「網路白皮書（Online Harms White Paper）」草案，請他們多加參考。英國網路白皮書旨在規範社群平臺及媒體業者，不得提供血腥、暴力、霸凌等內容，並要求保障兒少隱私資訊。

對此，NCC的主任秘書當場承諾將會研擬一套能獲社會大眾認可且能有效使平臺自律的法規範，也會加強投入兒少媒體識讀教育，積極協助兒少免於不當網路內容的侵擾。

很高興聽到NCC正面的回應，我也會替大家持續追蹤這個議題。",2023-05-22 21:26:32,https://facebook.com/peiyu901/posts/181057851573773
251,182191398127085,"有許多支持者及朋友向我們反應，臉書上出現「假粉專」冒充我的身份，第一時間我們已經向Meta反應檢舉該假帳號。

最近開始有不明人士陸陸續續開設名人或台灣公職人員的粉絲專頁，惟Facebook屬於私人企業，我們希望Facebook 能積極正視社群詐騙問題，能阻絕假帳號、假消息的傳遞。

我們也在此呼籲各位朋友們不要受騙上當！",2023-05-24 17:32:39,https://facebook.com/peiyu901/posts/182191398127085
100,182768241402734,"柯文哲日前到政大演講時，某位教育政策與行政所的同學提問台灣未來教育的走向，柯文哲竟然回答：「我認為課綱很多要改，道德的教育要重新來，現在說什麼學校的學生不可以打不可以罵，奇怪了，這怎麼管教？我是不贊成啦。現在，現在小學也不能打學生、也不能體罰、什麼都不行，我們太忽略品格教育了。」

原來在柯文哲的心中，打罵學生與培養學生的品格教育息息相關，在他的觀念裡，打得越多，越有道德感嗎？

身為一個總統候選人，漠視身為人該得到的基本尊重，忽視人權發展現況，《教育基本法》2006年早已明定不可以體罰學生，國際兒童權利公約也在2014年三讀通過，保障兒童不受任何形式的暴力。

身為媽媽、老師，在親子教養及教育現場多年的我必須強調：體罰，絕對不是教育的一種方法。

手中握有權力、話語權的大人，應該要思考的是如何陪伴孩子一起前進，如何以自身引導孩子，而不是便宜行事以「暴力」替代「教育」，以「暴力」替代「陪伴」，孩子沒有還擊的能力，就肆意的剝奪孩子應得的尊重，忽視孩子也是獨立個體的事實。

2015年記者問柯文哲休假在家是否有陪小孩，柯文哲表示沒有，並且自爆「我大女兒自從被我打過後，就不跟我講話了」。

我誠摯的希望柯文哲在期許自己是個總統之前，先做個不打罵教育也能教好孩子的爸爸。",2023-05-25 15:07:57,https://www.facebook.com/peiyu901/posts/pfbid02bKLLFrxBrgCBuYsNM2HgLDgLjoAAvtnsh5t2oUSxHvp9RYkieyu6bXRSpiGuqTnvl
30,183281158018109,"這周，我接待了三組家長來立法院參訪，很開心地在立法院留下合影，也和我分享了他們對許多兒少與教育議題的想法與觀察。

第一組家長來自 #三興國小，他們關心的是融合教育現場遭遇的問題。有些爸爸媽媽因為擔心外界無法平等的包容特殊的孩子，一但孩子做完特教鑑定，被貼上特教生的標籤，得赤裸的面對社會的眼光，所以遲遲沒有帶孩子做鑑定。但這樣的情況可能會延誤孩子所需要的專業協助，也會使老師無從幫助，進而影響到孩子的學習進度，以及校園裡的人際關係。
下週一特教法即將三讀，這次特教法修法，正是希望藉由充足的特教研習，使普通班老師也能擴充特教知能，讓學校與家庭能夠給予更多特教生所需要的支持。

第二組家長來自 #台北市家長會長聯盟，我們聊到台北市國中小家長會的困境。有些學校編列的費用由家長會出資，例如飲水機保養費、環境清潔消毒等，這些費用由家長會買單可能是有疑慮的。聊得更深入後發現，台北市並非個案，而是全台灣的國中小家長會的現況。接下來我會來盤點現行體制在這個層面上發生的狀況，持續關心家長參與學校事務面臨的問題。

第三組是來自 #久如社區發展協會 的家長，他們最關切的是孩子的健康成長，包括資訊的篩選和飲食健康的問題。近期，抖音使用年齡逐年下降，有許多孩子透過抖音接觸不宜內容。我們能做的是從教學端提升教師的性別意識，同時也能篩選不適當的教材；此外，含糖飲料也對孩子的健康造成危害，家長們希望能夠印上更多的警告標示。我回應，我們目前在立法院致力於推動「營養午餐法」及「營養及健康飲食促進法」，再搭配已經立法通過的「食農教育法」，希望能針對食安、食育、食農把關的同時，也讓孩子學習什麼樣的食物對自己的身體是健康或不健康的。

謝謝每一位參與便當會的家長，你們的聲音也讓我們知道可以怎麼改進教育現場的問題，讓我們一起繼續為孩子的未來而努力。",2023-05-26 11:04:55,https://www.facebook.com/peiyu901/posts/pfbid02CSsJiFwZsv3mou2wft5anVyd3VFUDQ97WdBGyng1u4JjXxWgrihhziFXzrFXzYgKl
80,183442581335300,"昨天宜蘭縣國民黨議員 #黃浴沂 在議會上公然污辱宜蘭縣消防局的女性消防員被偷窺一事，引起公憤，在議場上字字句句都是再一次的傷害。

一名女性願意挑戰社會傳統的刻板印象，擔任消防隊員，我們本應支持鼓勵，身為一個政治人物，卻在她遭遇職場性騷擾時，竟然落井下石，使她更加孤立無援。

這麼多年來，我們在非常多的教育現場、花了這麼多力氣，與孩子分享生命多元的可能性，引導孩子認識自己、探究自己，幫助孩子打破社會的刻板印象追尋自己的理想。如果因爲這件事，使孩子往後面臨職業選擇時，因為害怕受傷害，屈就於刻板印象，我真心覺得非常可惜。

當孩子透過發掘、發展自己的興趣，因此找到自己喜歡做的事，來成為自己的工作、職業，整個社會的文明才會越來越進步，才會有更多元的可能性，成為更具有包容性的社會。

《消防員媽媽，護理師爸爸》，故事內容講的就是關於翻轉性別印象的職業選擇，故事裡的爸爸媽媽不畏外界人們的質疑，熱情地奉獻專業來幫助人們。我們除了必須嚴厲譴責國民黨議員 ＃黃浴沂，喪失作爲一個政治人物該有的品德之外，我們還能做的是，回到家裡和孩子說說話，談談繪本裡的故事，不斷的對話、不斷的努力，別讓既存印象，限制了孩子的生命發展。

——
推薦書單：
《消防員媽媽，護理師爸爸》東方出版社
《敲打夢想的女孩：一個女孩的勇氣改變了音樂》小典藏出版
《現在工作中》小魯文化
《奧莉薇不想當公主》格林文化",2023-05-26 17:44:49,https://www.facebook.com/peiyu901/posts/pfbid09aejZ28kLDSkZ8AqaFTEfRppYdLr25juKt8XdXCSikPiX1KqRom8Uxj19L3gmevLl
216,183520701327488,"恭喜公視法三讀通過！🎉📺

台灣孩子的節目，台灣自己做！這一次修法過程我們針對很多議題提出來討論，包含增加兒少節目時數比例，並且自製專屬兒少節目，讓孩子們有更豐富多元的觀看選擇。並且，讓台文節目成為公視兒少資源網的教案起點，將本土文化融入兒童教育，培養孩子對土地和文化的關心與認同。

這次公視法的三讀通過，身為台灣人感到非常驕傲，因為我們擁有的言論自由、創作自由，能夠為兒少提供更多本土優質兒少節目。

我非常期待接下來公視+的改版，以及公視兒少資源網的內容拓展，更多精彩的公視兒少作品讓兒少能有更多有趣及富有教育意義的內容創作！",2023-05-26 20:38:29,https://facebook.com/peiyu901/posts/183520701327488
279,184192674593624,"週末晚上在家陪小孩，結果收到這個，據說是最近人人週末都會去的「探險活動」！
但我其實不是很懂🤣🤣",2023-05-27 21:11:47,https://facebook.com/peiyu901/posts/184192674593624
27,184213321258226,"培你讀繪本第三站來到了嘉義，沿途風景疏闊，心情也跟著寬闊了起來。

去嘉義的路上，重看陳澄波先生的故事，書裡提到，他回台定居後，不僅致力創作，更是積極投入美感教育的工作，直到寫遺言時都仍然掛心著這些事情。

我們這輩人，因為前輩的犧牲才得以享有自由和民主的人，真的沒什麼好唉的，繼續做就對了。真心覺得不只是沒有了言論自由而已！我們所可能失去的所有，將擴及生活日常的每一個部分。

於是我今天選擇收錄陳澄波先生畫作的兩本繪本作為開場，分別是《戴帽子的女孩》與《紅色在唱歌》。

我非常推薦朋友們收藏這兩本繪本，就像是收藏了陳澄波先生的畫冊！

陳澄波先生的畫風同時受到當時中西方繪畫派別的影響，因此揉合了西方印象派光影的細緻變化，也帶有中國水墨畫渲染的筆觸，塑造出他自己獨樹一格的藝術風格，甚至入選日本帝展多次。

有許多人不知道的是，除了他在繪畫上的成就之外，他也致力於推廣美學教育。可惜的是，陳澄波先生在228事件不幸罹難，即便是像陳澄波先生這樣偉大的藝術家，極權專制的政權仍會不顧一切地阻止他發聲。他的殞落是台灣藝術史上的重大損失，也讓台灣的美學發展停滯下來。

今天我所介紹的繪本，都與這個主題有關，包括《不肯沉默的公雞！》、《誰都不准通過！》、《禁止黑暗的國王》、《藍色大樹》。我的同事告訴我，他覺得繪本最厲害的地方，就是可以用極富童趣、看似簡單卻發人深省的故事，訴說許多我們平常認為艱澀的議題，讓大人小孩都能很快抓住背後的核心價值。

謝謝今天來聽繪本的每一位大人小孩，雖然今天談的議題看似遙遠，其實離我們日常生活很近。正是因為台灣從專制的年代走到民主自由的今天，我們能夠自由發聲、自由創作，我們的小孩才能看到這樣的作品，生活在這塊充滿潛力與希望的土地。

為保有民主與自由的生活，我們要繼續「唱歌」，就像繪本裡不畏權勢的大公雞一樣。",2023-05-27 21:51:48,https://www.facebook.com/peiyu901/posts/pfbid02x4wQ9TtMRDUGGKpZXha4Lj66VPKjhkJNjsx8qv8yUvXaq1B4w928bn48BxdBvN12l
145,185339984478893,"《國民教育法》修法三讀，通過！
 
常常聽到有人說「孩子的教育不能等」，近年有關兒少教育的議題一直不斷的被大眾所討論，今天能夠與其他委員共同完成《國民教育法》的修法，我認為這是我國國民教育進步的一個重要里程碑！
 
在這次的修法過程中，我成功爭取了：
☑️要求學校寬列圖書採購預算，並訂定閱讀推廣課程
☑️要求學校教科書的編輯與審定，應符合現行法令以及在我國具有效力的國際公約
☑️要求國家教育研究院對於教科書編輯或審定人員辦理相關研習及培訓
☑️保障戶外教育，並由主管機關制訂相關辦法
☑️確保學校場地設備提供他人使用時，不得影響校內師生使用權益
☑️依循釋字第784號解釋的意旨，制定兒少向學校提出申訴、再申訴的救濟機制。
 
這次的《國民教育法》修法真的很不容易，很感謝不分黨派教育文化委員會的委員以及本黨其他委員在審查上的支持，我很期待未來我們的國民教育能夠繼續朝向以兒少為本位的方向，繼續努力！

吳思瑤
堅持．張廖萬堅
林宜瑾
陳秀寶
范雲  FAN, Yun
護理立委 陳靜敏",2023-05-29 15:29:21,https://www.facebook.com/peiyu901/posts/pfbid02pyerWDZ7B7bJdHa18XDGPWByVxmGVUDpaqpwatgj3L9gvjUNHTtSJQy8N2gt65F6l
49,185394011140157,"《特殊教育法》修法三讀，通過！
 
近期《特殊教育法》的修法引起了社會上的多的討論，我也收到很多來自不同立場的老師、家長以及團體的意見。如今《特殊教育法》已經完成三讀程序，但我心中的大石頭並未完全放下…
 
我國在2014年的時候立法通過《身心障礙者權利公約施行法》，希望可以透過國際公約的施行法，保障身心障礙者的權益。這次《特殊教育法》的修法，是在公布《身心障礙者權利公約施行法》後，第一次就《特殊教育法》進行全文修正。這次修法的意義，其實相當重大！
 
在這次《特殊教育法》的修法過程中，我努力爭取：
☑️特諮會與鑑輔會委員及會議資料應公開透明。
☑️努力爭取明訂特教班級師生比。
☑️啟聰學校教師以及校長應以具備手語知能者為優先。
☑️確保特教學生復健、訓練、生活服務於特教法三讀通過後繼續存在。
☑️明訂大專院校個別化支持計畫訂定程序，並對相關專責人員提供進修及培訓。
 
雖然《特殊教育法》已經三讀通過，但我仍然認為《特殊教育法》的三讀還只是個起點，而非終點。目前仍有許多特教相關的事項並沒有辦法在這次的修法過程中解決，很多事情確實無法一蹴可幾，我們也需要更多的時間來推動社會慢慢地往前進，但我也會繼續努力，持續關注並監督有關特教法相關的子法與議題。
 
最後，很感謝不分黨派教育文化委員會的委員以及本黨其他委員在審查上的支持，也很感謝在修法過程中給予我們建議的老師、家長以及團體。這次《特殊教育法》的修法真的很不容易，我很期待融合教育在我國落地生根的那一天能夠盡快到來！

范雲 FAN, Yun 
陳秀寶 
吳思瑤 
堅持．張廖萬堅 
林宜瑾
護理立委 陳靜敏",2023-05-29 17:34:00,https://www.facebook.com/peiyu901/posts/pfbid0D5tgPRLRsL34AZbwPSLjb25mHrPEDAcEHiAx8sppYHy1FwBA9jt2KoncAtU5TUXUl
234,185436134469278,"《再生能源發展條例》部分條文三讀修正通過！
打造更友善的再生能源發展環境！

《再生能源發展條例》部分條文今天完成三讀，讓台灣的再生能源發展走得更有遠見和願景，此次的條文修正幾項重點包含：
✅未來新建、增改建的建築物屋頂需裝設太陽光電
✅訂定地熱專章，加速地熱的行政程序，讓台灣豐富的地熱潛力得以真正的發揮
✅放寬離岸風電範圍，以促進未來技術發展。

希望透過更完備的制度，打造更友善的環境，讓每一位大人小孩、一代又一代的台灣人進行環境永續的接力賽！",2023-05-29 19:00:48,https://www.facebook.com/peiyu901/posts/pfbid02TxsLQSiGaCpA2rDA74rj2Nv6jSz1Lb2TYErrCNqjHMj3dyCynMEzdU7LjRsbfE5Dl
133,186609437685281,"雖然在上週足協已經先行宣布青年聯賽將會由體育署補助後續辦的消息，但為了更進一步了解體育署、足協在之間的溝通，以及實際將會辦理的情形，我們也持續跟體育署保持聯繫，並取得了賽事辦理的計畫，提供關心本次事件的家長以及年輕球員們參考。

在此，我要先肯定體育署在賽事復辦上與足協的溝通努力，然而從本次提供賽事規畫可以發現，不同於之前全面性的參與，在目前預計的賽事設計上，透過資格賽與複賽的「篩選」，過去參與球隊都能「完整」進行的聯賽規劃，將會縮限成「各年齡組十六隊，其中只有八隊能夠完全進行聯賽」的設計，而這樣的規劃是否與當初記者會中我們提出的「應與家長及基層充分溝通討論」的期待相符，這些都是體育署或許未能真正理解為何本次事件會激起家長們的不滿以及訴求的地方。

後續，對於記者會中我們會繼續監督體育署應落實國體法要求下對足協財政透明的稽核責任，同時也呼籲體育署應走出過往校園本位的框架，思考體育政策與社區球隊連結的可能性，足球青年聯賽所呈現的問題與需求不會只是個案，也將會是台灣在未來的基層發展上必須認真思考的方向。",2023-05-31 14:15:13,https://facebook.com/peiyu901/posts/186609437685281
240,186735181006040,"今天是立法院第10屆第7會期的最後一天。
這一屆是本屆通過最多議案的會期，我們努力了136個法案，大家辛苦了！

這個會期我在教文委員會成功通過四個法案：

☑️文化創意產業發展法
☑️公共電視法
☑️國民教育法
☑️特殊教育法

下個會期還有很多子法與議題需要審查與推動，我會為兒少持續監督、繼續努力！

#準備迎接下個會期 

范雲 FAN, Yun  
陳秀寶 
吳思瑤 
堅持．張廖萬堅 
林宜瑾
護理立委 陳靜敏",2023-05-31 18:53:47,https://www.facebook.com/peiyu901/posts/pfbid02oFQ56AhzwAaJDTw6BPqMUU9u7mJDtzVWMMzgC4yxb4LVyx11MWb3qc9QQovhhdEEl
37,187191850960373,"更新：
【中央黨部通報機制立刻全面檢討】

針對民進黨前婦女部黨工指控性騷擾案件，民進黨新聞部主任張志豪轉述三點聲明：

一、副秘書長許嘉恬午間已主動請辭並獲准。
二、許嘉恬願意配合接受調查，調查小組會盡速完成調查。
三、經秘書長許立明指示，中央黨部的通報機制立刻全面檢討，即日起除了黨部性騷擾防治專線之外，黨工同仁可直接向秘書長陳述事件並立即受理，若有知情不報或隱匿事件之主管，經查證屬實，一律開除；另性平部將加強黨務主管對於處理性騷擾事件的相關知能，並持續辦理全體黨工之性平教育課程。

--------------------------------------------------------------

民進黨黨工在黨內遭受性騷擾事件，第一時間看到消息，我對這個女孩的遭遇感到非常難過。

性別平等是民進黨非常在意的價值，我認為針對此事，民進黨更應該妥善處理，嚴懲不貸。

昨晚民進黨黨中央已經開啟此事件的調查，並提供當事人法律服務與協助，我會積極關注此事，等待黨中央後續調查結果，還給受害人公道。

【民進黨中央聲明】
關於本黨前婦女部同仁，於去年九月執行工作任務時，遭承攬黨部工作之廠商性騷擾，民進黨嚴厲譴責任何利用職權性騷擾之情事，也為受到傷害的同仁致上最深的歉意及慰問。
時任婦女部主任在當時疑未妥善處理，未能積極保護受騷擾同仁，致同仁更受傷害，本黨深感遺憾。中央黨部秘書長得知此訊息後，非常重視，除已中止一切與該廠商之合作外，也立刻拉高層級，由性平部主任及主席室主任共同進行調查了解。
主席室主任與性平部主任所組成之調查小組已於今日與受傷害當事人見面談話，親自了解詳情。除提供當事人必要協助、後續法律服務外，並鄭重承諾，將繼續進行後續調查與相關懲處。",2023-06-01 11:26:13,https://facebook.com/peiyu901/posts/187191850960373
231,187344380945120,"🎉疫後就學貸款補助方案🔹申請開跑了🎉

#教育部疫後就學貸款補助 符合補助資格者， 自 112 年 7 月起直接扣抵！協助 54.6 萬就學貸款人！

畢業生➡補助1年還款本金+利息，平均超過40000元
在學生➡政府補助1學期貸款本金，最多可達60000元

🔗 疫後就學貸款補助方案線上系統： https://helploan.moe.gov.tw
📞 教育部疫後就學貸款補助方案專線電話：02-77453860
🔼 服務時間： 6/1起09:00-18:00",2023-06-01 17:15:57,https://facebook.com/peiyu901/posts/187344380945120
198,189950910684467,"今天早上受邀參加 立法委員 吳欣盈 舉辦的「世界環境日低碳蔬食市集活動」，許多同事都到場支持響應低碳蔬食的精神！

今年是世界環境日五十週年，主題為「塑戰速決」，為了孩子和我們的未來，落實綠色生活愛護環境，減少製造不必要的一次性垃圾，從小地方做起。

因此，我們日常生活中的每一個減塑行動看似微小卻是相當重要的一件事情。

一直以來我很喜歡下廚，也喜歡為孩子們做菜，在準備餐食的過程中，我習慣使用在地農產品、當令的食材。一方面減少碳足跡，另一方面也為孩子的餐食健康把關，這些都是守護環境永續的方式。

環境守護需要不分世代一起努力，大人及小孩們藉由日常生活中的參與和實踐，就能讓我們的孩子有更好的生長環境。

#beatplasticpollution",2023-06-05 14:39:21,https://facebook.com/peiyu901/posts/189950910684467
271,190568047289420,"＃文化部成年禮金 今天 6/6 開始申請啦！

18-21歲的青年朋友，每人有1200點文化幣，可用於藝文展演及文化體驗、視聽娛樂、圖書及文創工藝等藝文消費折抵，各位年輕朋友趕快下載 ＃文化幣 app 吧！",2023-06-06 11:32:41,https://www.facebook.com/peiyu901/posts/pfbid0oMjYCP2C3oKvJGQ7sJMPQpfAst9wGrUHLy5pcbQ1GUCt5mbj26AcEDnR4FYdYTZfl
190,191481607198064,"新北市驚傳幼兒園老師餵孩童安眠藥且不當體罰，孩子驗出巴比妥和苯二氮平類，出現情緒不穩定、自殘行為。侯友宜時至今日並未出面處理，裝作無事繼續跑他的選舉行程，新北市政府消極被動，在第一時間並未主動檢驗！

荒謬的侯市長，昨日在獲頒「五星市長」的場合說：「我到了中央絕對為大家挺身而出。」

我想拜託侯市長，請先為新北市的這些孩子挺身而出。

新北市教育局忽視孩童殘留藥物的影響，延誤了幾十天才安排到園藥檢，我想請問侯市長挺身而出的是總統大位，還是已經受到傷害的孩子和爸爸媽媽呢？

讓每個孩子都能夠安心長大，是國家的義務與責任，請侯市長重視這些長期受害的孩子和爸爸媽媽，新北市市政府必須強力協助家長，除了媒合學校，醫療協助，還有必須提供孩子與爸媽的心理協助，使他們獲得完善的照顧。",2023-06-07 18:37:59,https://facebook.com/peiyu901/posts/191481607198064
50,192877867058438,"昨天和小兒科醫師朋友談論這次新北市幼兒園事件，我還是感到非常難過，本來應該是保護孩子的角色，卻餵食「＃彩虹藥水」讓孩子受到傷害。

大人讓小孩吃藥，讓他們看起來乖乖的，目的是希望小孩能夠安靜、聽話。我們這些大人必須反思，究竟我們到底需要怎樣的小孩？

是引導他們的天性，找出他們的天份，培育孩子做他們喜歡也擅長的事，還是扼殺他們的個人特質，讓一切變得看似有秩序、很安靜。

繪本《 不肯沉默的公雞 》在講拉巴斯是一個很快樂但很吵的小鎮。
鎮民選出來的新鎮長頒佈法令，任何有聲音的活動都被禁止了。連茶壺都不敢發出聲音！

可是，有一隻公雞根本不在意鎮長的規定。他就是要做公雞生來做的事，那就是大聲的唱歌，一首名為自由的歌。

我們願意給孩子多大的自由，陪著他們探索自己，代表我們有多願意將小孩視為必須被尊重的個體，不是用大人的權威鎮壓，剝奪孩子的自主性。

我們呼籲新北市政府，必須照顧孩子的隱私，保護他們不要被「貼標籤」，提供友善的社區系統的支持，針對個案提供協助。如果已經大班畢業不需要安置的小孩，也必須慎重的協助他們渡過藥物戒斷症狀。

也要請此案件的幼兒園家長，如果還未作檢驗的，一定要帶孩子去做檢驗，讓孩子得到生理與心理的幫助，繼續健健康康的長大。

——————————————————

受害家長可以打專線電話到窗口，由部立台北醫院專門引薦適合治療的科別，主要會是兒童醫學優先，如果有戒斷或心理問題，會照會其它科別醫師來協助，醫療團隊也會專門協助，針對事件相關兒童的檢驗、後續追蹤及衍生醫療都免費。

協助專線為02-22765566轉2536。",2023-06-09 17:49:06,https://www.facebook.com/peiyu901/posts/pfbid0Y7ZwaM3i8Ve6mqd4BNn1z9N2p8Q9hs5HRHA4s9uJjbqTVkbU5W2snZcnsASdrUF4l
223,194892850190273,"侯友宜說「請賴清德副總統交代你們的司法機關…把真相弄清楚」，簡直把我們的憲法、法律當空氣。

依據憲法，賴副總統的職責只有總統缺位時繼任、因故不能視事時代行職權，不可以干涉檢察官辦案。

依據法官法第94條第2項，就連法務部長也不可以就個案指揮、命令檢察官。

台灣是法治的國家，民選公職人員行使權力必須受到法律的限制，不是當選就可以為所欲為。

現在國中公民科都有權力分立和政府職權的課程內容，請中國國民黨總統參選人新北市長侯友宜先生要跟上國中生的腳步用心學習，不要為了政治利益「教歹囡仔大細」。",2023-06-12 14:38:20,https://facebook.com/peiyu901/posts/194892850190273
135,196296730049885,"＃文化部成年禮金注意事項
首先，恭喜各位領有成年禮金的青年朋友，你們長大了！
成年禮金發放近一週，大家想好怎麼使用這1200點的文化幣了嗎？相信不論看國片、展覽或購書都是最棒的選擇，我們一起正當消費、享受文化體驗。

不過近期有店家夥伴反映，開始有人以低價向青年朋友收購1200點文化幣，並企圖至藝文消費點以兌換現金。感謝店家夥伴勇於拒絕兌現要求，並願意將這個現象公諸於世。
在此要拜託經營藝文消費點的文創夥伴們謹守規則、確實交易，遏止不正當的兌現風氣，共同守護國內文化產業。

💡再次提醒💡
1.成年禮金(文化幣)應用於實體場域消費為原則。
2.成年禮金(文化幣)之使用不得找零、轉售，亦不得另再兌換成等值之現金。
3.民眾登記領取成年禮金時，須確保登錄資料之正確性及真實性。
4.店家消費點應對於所提出憑證之交易事實及真實性負責。

‼️特別注意‼️
文化部也會對文化消費點的店家進行監督查核，如有違反相關規則，文化部得撤銷民眾領取資格、店家消費點收款資格，並追回已撥付款項。如有不法，應負相關法律責任。",2023-06-14 16:42:27,https://www.facebook.com/peiyu901/posts/pfbid0MyoMKb4feJHnQ36yHvLRBp2VsQjJjsDUthvfkdvVDTfsADrBcHvJMtbtgYo1o5qDl
212,196784510001107,"今天早上應 邱志偉委員邀請「性平軍紀 與時俱進」記者會，我認為「軍事體系的性平教育及心輔機制」絕對有與時俱進的必要。尤其要加強軍事教育體系的中正預校階段，軍校生的性平教育及心輔機制，實務上可透過中正預校的心輔人員協助。

軍中遇到有疑似性騷或疑似性侵案件，常見軍方直接強調以訴諸法律途徑方式處理，我希望，軍方評估研議建立第三方的調查機制，或者現階段其實就可調修「國軍人員性騷擾處理及性侵害預防實施規定」，具體直接朝「提高現行性騷擾申訴調查會的外聘委員達1/2 比例」的目標來辦理，藉此提高當事人及外界在該類案件上對於軍方相關處理的信任。",2023-06-15 10:35:14,https://www.facebook.com/peiyu901/posts/pfbid0bS77TeeNr4z8UbjTKKThriFNdcng7Gt86dEWW6ka3SQNCSgJ9d4GCjK1XA1TvA9ql
13,198422659837292,"透過台家盟，因此認識了潭墘國小的家長們。在他們的訴求中，對我來說，我看到的是少子女化所帶來實質的衝擊。隨著我們的孩子出生人數逐年減少，學校能夠招收的學生人數也隨之減少，未來的五年或十年間，會有越來越多的學校面臨到廢校的問題，尤其偏鄉的學校，其所面臨的問題也更加嚴峻。

依據教育部所制定的《公立國民小學及國民中學合併或停辦準則》，學校學生總人數只要不足50人，就已經瀕臨讓學校面臨合併、廢校的門檻，部分縣市甚至要求在學校學生總人數在一定人數以下時，便須提交相關報告。

但是，依照2022年教育部的統計資料，全國2626所國小，有508所國小的學生總人數在50人以下，占了國小總數的兩成。學生總人數100以下的國小，則占了1017所，佔整體國小總數的四成。這樣的數據在在顯示，目前有許多學校的總人數都已經瀕臨廢校邊緣，未來廢校的議題將會更頻繁的發生，我也在此呼籲各級主管機關要審慎的規劃並面對這樣的問題。

另一方面，政府部門（主責國發會，青發署提供部分協助）近年積極鼓勵推動地方創生，期望復興地方產業、創造就業人口並促進人口回流。學校作為各地區一個非常基礎且重要的文化據點，我認為學校與地方創生二者之間或許存在結合的可能性。

在今天的記者會中我也提到，目前台灣已經有許多成功轉型的中小學，無論是透過企業以善盡社會責任的角度給予學校贊助或支持，或是和在地的地方創生團體的進駐與合作，協助學校的師生發展出自身或學校的特色，吸引人口回流或者使得外地學童願意跨區就學，促使學校得以轉型，或許這些學校就不用面對被廢校的命運。

除此之外，我也期望與教育部、文化部或者其他政府部門對話，可以對於這些學校的校長、老師辦理增能課程。事實上，並不是所有的師長都具備有關地方創生、學校轉型或是與這些企業、團體合作的知識與知能。如果政府部門能夠提供協助，讓這些師長可以具備諸如：發掘議題、找尋資源、團隊合作…等能力，我相信這將會是在地社區已及學校發展的一大助力！

最後，我想再次呼籲，有關地方學校的轉型與發展，確實需要投注很多的時間心力，但我仍然希望可以政府可以看到這背後發展的價值，讓這些偏鄉學校可以走上一條不同的道路！",2023-06-17 21:16:40,https://www.facebook.com/peiyu901/posts/pfbid02mztAubZeVnPaTDQuYhgwE9aS78fXCqcqQ3CBAGFzLJQj294yjXsUmPw856zwkEiHl
11,199433809736177,"特教之路 未完待續

《特殊教育法》雖然已於5/29三讀通過，但法律的通過其實只是我國特殊教育改革的起點，而非終點。

常常聽到有人說「魔鬼藏在細節裡」，但對我而言，魔鬼實際上是藏在「子法」裡！依據教育部統計，在特教法三讀通過後將有32部子法將要隨同修正或訂定。這些子法的規範，實際上影響了實務運作的規則，同時也會影響到特教學生、家長以及教師們的權益，對我來說，這些子法的修正非常重要，千萬不得馬虎！

事實上，雖然我國過去已經制定身心障礙者權利公約（CRPD）以及兒童權利公約（CRC）的施行法，且近年國際公約的審查報告中均有建議我國應著重保障身心障礙學生的就學權益，這次特教法的修法也以融合教育為核心進行修法，但現在仍有許多身心障礙學生連上學都面臨重重阻礙，更別說要在學校好好學習！

上週四，我與 社團法人台灣身心障礙兒童權利促進會（身障童盟）、教育部  、 教育部國民及學前教育署  共同開會討論特教交通車的子法修法內容，討論內容大致整理如下：

🚌建議教育部於交通車子法中，納入「對學校提供交通車之評估，如有不服，得提起申訴」之機制，保障特教學生申訴的權益。

🚌建議教育部評估近年物價上漲幅度，以及自身預算狀況，研議可否增加特教學生交通費用之補助。

🚌委請國教署與各縣市討論，於交通車的安排以及給予補助費用之部分，得否更符合特教學生之需求。

🚌建議國教署研議，是否可以納入「如學校有無障礙交通車，應於開學前完成特教生申請交通車之審核」規範的可能性。

🚌委請國教署評估，特教生參與寒暑假課後輔導班或營隊之性質以及適用法規範，並評估是否可以提供交通費用補助。

🚌委請國教署與各縣市討論，於各縣市特教交通車規範中加入跨縣市交通車服務，並釐清主責規劃的縣市，避免互踢皮球。

🚌委請國教署與各縣市討論，評估加派車輛協助載運參與課後輔導班學生下課的可能性。

🚌建議教育部於特教交通車子法中，加入各交通車應配置隨車人員之規定，或規範特教交通車應符合現行《學生交通車管理辦法》之規定。

以上是上週我與教育部、國教署、身障童盟討論的內容，未來我也會持續關注教育部以及國教署對於特教交通車的相關作為，同時也會持續監督其他特教法的子法修法，努力守護特教學生、家長以及老師們的權益！",2023-06-19 14:24:49,https://www.facebook.com/peiyu901/posts/pfbid02i9HhV78iAGyCWHf4JTMY3AfcCgFXMQtxuChENxud59ZHsQV2s7RUhpHrZJ2Ueabl
35,200016573011234,"昨天，我們邀請了 臺北市興雅國小學生家長會與 吳興國小家長會的家長來到立法院，與我們一起共用午餐，也分享了彼此對教育議題的看法。

有位爸爸提到他是刻意選擇在家工作，因為他想要有更彈性的工作時間讓自己有更多機會參與孩子的成長。因此，他到學校擔任故事志工、導讀志工，跟孩子聊聊ＡＩ、聊聊科技的發展。在這些擔任學校志工的時間裡，讓他能夠觀察到更多學校、老師、小孩的狀況。我以前也很常在學校裡擔任志工，多數都是媽媽參與其中，因此聽到這位爸爸積極參與學校事務，我當然也很開心看到有越來越多爸爸願意擔任志工，讓在孩子的成長過程中，父親的角色不缺席。

此外，孩子們的情緒教育也是家長們很在乎的議題。家長們認為，學校非常注重知識教育，這雖然是基本能力，但是近年來深受情緒所苦的學生也越來越多，甚且有許多工作壓力很大的老師也可能有情緒抒壓出口的需求。因此，在校園生活中，師生都需要理解情緒、學習如何與情緒相處等重要議題。實務工作中，我們都知道情緒是人一生都需要持續面對的課題。事實上，不論是情緒議題、性平教育或是人權教育，在108課綱上路至今已有兩年，家長們所期待的是在後續的研議討論中，勢必需要進行微調。

家長們也提到，學校裡的故事志工可以提供許多正規教育以外的輔助，不論是情緒教育，或是許多其他也很重要的議題也可以透過故事志工的閱讀推廣活動為孩子增能。因此，我們也討論到如何為學生設計閱讀課程，不管是故事志工或是校內專職的閱讀推廣老師，都是一份不可忽視的力量。我希望未來能更進一步推動閱讀教育，讓越來越多的學校都能有正式的閱推教師。

感謝昨天與我們一起呷便當的家長們提供了這麼多來自教育現場的意見，讓我們知道還能再推動的方向有哪些。接下來我也會持續關心教育現場的狀況，期許能讓台灣的教育環境變得更好。",2023-06-20 15:20:27,https://facebook.com/peiyu901/posts/200016573011234
247,200094259670132,"夢想不該被現實澆熄 努力減少學費差距

今天副總統 賴清德  出席朝陽科技大學暑期志工服務隊授旗典禮時，承諾降低公私立大學的學雜費差距，至少縮短 5 成以上的差距，減輕青年學子及家庭的經濟重擔。

國家必須大力支持青年，讓孩子有更多資源實踐自我，做自己真心喜歡的事情。感謝賴副！期待更多友善青年的政策，支持青年發展，讓國家更多元！",2023-06-20 18:40:32,https://www.facebook.com/peiyu901/posts/pfbid02JBJYXwiRzjagHysWR5yDXMDFycoWYfXiGjqT7x8Tc5MCW9GmMG1tgNGNJYs55TYrl
184,200473496298875,"大法官有認定法律違憲的權力，而大法官必須經過立法院投票表決通過，這就是權力分立，有所制衡。

於是我昨天忠於人民託付給我的憲法職責，詢問大法官被提名人陳忠五教授、尤伯祥律師，以確認他們能夠發揮大法官保障基本人權的使命。

我詢問，用什麼方法徵詢意見，既避免子女變成夾心餅乾，又維護子女最佳利益，符合憲法法庭111年憲判字第8號判決？陳教授強調，子女最佳利益有很多因素要綜合考量，不能只看意願，法院要靈活運用。

 我也詢問，憲法訴訟法第61條繼受德國法的規定，要怎麼本土化？陳教授強調，要依照台灣的需要謹慎發展，類型化形成受理政策，不宜盲目繼受德國。

 最後，兩位也都明確支持儘可能公開不受理案件的聲請書，讓人民可以評斷聲請理由是不是有道理。

如果兩位今天經立法院同意就任，期許他們都能忠於憲法，保障人權。",2023-06-21 09:55:00,https://www.facebook.com/peiyu901/posts/pfbid023Ptsa2vwCp9X2tyT4rwpqDLYEtSgPGvEWrKX9PbiLP8uev4owYewFHSA6ThPBvKjl
227,200733979606160,"「培瑜嘎哩共 PEIYU ON AIR」第一集上線了！
這個podcast會分享我在立法院當立委的所見所聞，不定期邀請一些來賓分享他們的心內話。

第一集我們談到最近新北市幼兒園老師餵孩童吃安眠藥的事件，以及關於大人如何接住孩子的情緒，陪伴孩子的情緒。

因為這次新北幼兒園事件造使社會動蕩不安，有好多爸爸媽媽告訴我他們的憂慮，所以我也決定在 7月和 8月 分別舉辦兩場「拒絕孩子變藥罐」講座，邀請李佳燕醫師與柚子 陳木榮醫師到現場分享，屆時活動資訊會分享在粉絲專頁，歡迎大家前來參加！",2023-06-21 20:10:36,https://facebook.com/peiyu901/posts/200733979606160
79,203712679308290,"感謝今天早上 護理立委 陳靜敏  委員的邀請，讓我有機會參與「醫療照顧場域性騷擾防治」公聽會，和 范雲 FAN, Yun  委員、 吳玉琴 委員、 林靜儀醫師 溫柔堅定新中二 委員、 立法委員 吳欣盈  一起針對醫療照顧場域性騷擾防治議題交流。

性騷擾對於被害者身心留下的影響，不是一般人能夠想像，被害者受到的傷害，也很難回復到之前的身心狀況。

我認為在醫療照顧場域，要更早預防性騷擾發生的可能，我們也應該正視在醫療照顧場域的工作人員，或是被照護者的心理層面，未來實務上如何強化這部分，我會與衛福部相關單位再進一步討論。

探討形成工作場所性騷擾的原因，起因於性別不平等及職場中不平等的權力關係有關，過去有許多被害者，擔心遭受非議或是害怕失去工作，而沒有提出申訴，從勞動部今年3月公布的「工作場所就業平等概況調查」來看，在「醫療保健及社會工作服務業」性騷擾比率之中，有三成三的被害者，基於擔心別人閒言閒語、擔心失去工作、擔心遭受二度傷害、不知道申訴管道」等原因沒有提出申訴。

針對被害者基於「擔心失去工作」而不願意就其遭受性騷擾提出申訴的擔憂，如果雇主對於提出性騷擾申訴的被害者有解僱或調職等不利處分的話，無疑是二度傷害被害者，現行罰則相對其他罰則規定較輕，難以讓雇主心生警惕。

為了督促雇主積極維護被害者的權益，我認為應該加重處罰，期待七月修法我們完成更符合需求的完整法令。",2023-06-26 17:35:27,https://www.facebook.com/peiyu901/posts/pfbid0aMrehN5wWjNNFirpuHY1Xxi63Wzv5ecGkL1iDkGMtt7tbZdyZyZkQ14azyZBRYb1l
161,204101392602752,"《培你讀繪本》轉眼間就來到了第五和第六場，分別將在桃園的獨立書店 苔蘚視角 Mossery Books & Coffee  與基隆的 見書店  登場。

經歷了前面四場後，我的同事告訴我，繪本真的是最好傳遞故事和價格的載體之一，很神奇的是，不論大人小孩都會很自然地被繪本的故事所吸引，迫不及待想要知道下一頁會發生什麼事。

接下來這兩場講座的主題都會圍繞在公權力如何影響我們的日常生活，讓我們從繪本的角度出發，一起看看世界各地的人們如何運用孩童能輕鬆掌握又極具啟發性的敘事方式，傳達背後所隱含的核心價值。

關於這兩場活動，有一些可以透露的私藏繪本書單：

《和平與戰爭》，台北：三采文化，2023
《不肯沉默的公雞！》，台北：三民書局，2018 
《禁止黑暗的國王》，台北：維京國際股份有限公司，2018
《誰都不准通過！》，台北：字畝文化創意有限公司，2016

如果還想知道更多，歡迎來和我們一起讀繪本！",2023-06-27 09:00:03,https://www.facebook.com/peiyu901/posts/pfbid0ixWX9WZncJ2j2ejhMcKpZZJMegNgGkbkVUGtuXspe619R3iY7UujzDq15iDKTA1nl
115,205067835839441,"「培瑜嘎哩共 PEIYU ON AIR」第二集來囉！

這集會談到為什麼我這麽喜歡繪本？我從什麼時候開始對繪本著迷？繪本對孩童有什麼影響力？一般人可能會認為繪本是設計給孩童的讀物，但其實它潛藏了很多大人可能也沒有想到的智慧。

如果你也喜歡繪本的話，這週末也有兩場繪本活動，歡迎大家來參加哦！

--------------------------------------
spotify:
https://open.spotify.com/episode/2X6KUX24gcvvrynNfhUmXo?si=a7bbd33d75674e37

kkbox:
https://kkbox.fm/Py0XOI

Apple:
https://podcasts.apple.com/tw/podcast/ep-2-%E7%B9%AA%E6%9C%AC%E8%AC%9B%E5%BA%A7/id1693340508?i=1000618562849

Sound on:
https://player.soundon.fm/p/d24698ef-e6c0-462e-9178-063b7bac7310",2023-06-28 17:16:54,https://facebook.com/peiyu901/posts/205067835839441
283,205117569167801,"晚安！

下班路途的療癒景色，消除了一整天工作的疲憊，也祝大家回家路上小心☺️",2023-06-28 19:00:20,https://facebook.com/peiyu901/posts/205117569167801
255,205737145772510,這次新北幼兒園事件造使社會動蕩不安，有好多爸爸媽媽告訴我他們的憂慮，所以我決定在 7月和 8月 分別舉辦兩場「拒絕孩子變藥罐」講座，邀請 李佳燕醫師 與 柚子醫師的育兒診療室 - Dr.陳木榮醫師 到現場分享日常生活中照護孩子的方式，以及大人如何接住孩子的情緒，陪伴孩子的情緒，歡迎大家到時候前來參加！,2023-06-29 16:09:24,https://www.facebook.com/peiyu901/posts/pfbid0jvrxg61VeaK34xMg3Y9VgVWtCbV7hSfqmmkLfB2Q78dcTigsdS4ykdPCTGUmAAEgl
300,205784432434448,"加班吃泡麵
繼續加油
Fighting⋯⋯",2023-06-29 18:20:00,https://facebook.com/peiyu901/posts/205784432434448
194,206242549055303,"這週三很開心擔任 富邦文教基金會 「孵育計劃兒童動畫產業工作坊」的主持人，為了讓本土製作兒童內容更加豐富並鼓勵台灣動畫產業嘗試學齡前動畫的開發，這次邀請到我很喜歡的繪本作家 Beilynn 非非和毛茸茸她們阿姨是林小杯  和 陳致元（Chih Yuan Chen）   分享創作繪本的心法，我喜歡小杯開場說的：「蹲低是為了要跟小孩說話，而不是假裝跟他們一樣的痕跡。」

在繪本裡面，小孩是主角，小孩的聲音應該要被聽見，如果大人只想教訓小孩，只想知道小孩透過故事學會什麼，喪失我們每個人沈浸在繪本裡，好好感受繪本的能力，是件非常可惜的事情！

很開心大家的參與，期待接下來有更多創作者做出屬於兒少的本土動畫，讓之後台灣小朋友的童年能夠圍繞著我們台灣人做的好看的動畫。",2023-06-30 12:10:45,https://www.facebook.com/peiyu901/posts/pfbid02Wpyf5wJaTo5No2QyEgzDSjb7iTbSHz7LGppmMv1jqiap6EYTgh7cStjPNHuFpyoyl
206,206477572365134,"昨天，我參與了 民進黨青年部  舉辦的2023年青年對話行動：地方工作者小聚。

我從與會的青年里長、地方組織工作們身上學習甚多，聆聽他們在地方教育、產業和治理上，所遇到的困境，並在交流的過程中共同凝聚了一些趨勢及可能的解決方法，而我明白，這樣的討論只是開始，未來在地方發展的工作上，還有許多是我在立法院可以做更多努力的。

活動的最後，我與參與夥伴分享自身經驗，在參與公共事務的過程中總有感到挫折的時候，而且做越多，挫折感就越大。不過我始終相信，一定是因為做對了什麼事情，才會感到特別辛苦。有投入就有機會改變，也與所有在公共領域付出但感受到瓶頸的人分享。",2023-06-30 21:00:05,https://www.facebook.com/peiyu901/posts/pfbid027LMzQ1qTMZkRjJRzaHhtrmSPQVy3GYinP3qzf9DF53BtfKQ9tQqDvNRwc8y5vGwEl
210,206864098993148,"關心動保，也不無是防治家暴的一種可能。

這週與長期關心動保議題的夥伴交流，透過夥伴的研究與分享進一步發現，在過往部分虐待動物的案件中，其實潛藏著這些加害者會對身邊親密關係者家暴的危機。

雖近年來台灣動保意識抬頭，然而社會氛圍還是普遍將動物視為「物」，很難直接讓大眾意會到，虐待動物的加害者其傷害人的風險有相對偏高的狀況。美國將虐待動物視為重罪，或許藉由這樣的警惕、藉由保護毛孩子的機制，能防範加害者去傷害人的未然。關心動保，我認為也不無是防治家暴的一種可能。接下來我和夥伴會持續探討動保與家暴防治關聯的議題，盡力讓我們社會安全網於各個面向更加周延。",2023-07-01 11:44:26,https://www.facebook.com/peiyu901/posts/pfbid0CzkwxfDvPpaSRFMZ3ugrD712Ft352Yo1wb6saXk6RsxozQogNWe2WU9JcyNfkDLhl
97,207145735631651,"這個週末，《培你讀繪本》來到了桃園和基隆，分享了一些我喜愛的繪本，以及繪本如何使用極具巧思和創意的表現手法傳達隱含的價值。

在與大家分享的過程中，有位聽眾問我：平時雖然想和孩子談這些重要的議題，但也擔心這些議題會對他們來說太過艱深，而不知道該如何談起。我告訴他，我們不需要一直像大人說教或教科書，單方面的想要孩子吸收我們丟給他們的資訊，或是太過擔心孩子對這些我們重視的價值不聞不問。

其實，很多時候只需要和孩子一起讀一本厲害的繪本，孩子就會慢慢的形成自己的看法，甚至會給我們大人許多意想不到又令人驚豔的觀點。

繪本是一個令人驚奇的世界，藉由色彩繽紛的畫面和深刻的故事情節，觸動我們內心深處的情感。對於孩子們來說，繪本不僅能夠啟發他們的創造力和思考能力，其中的故事更是比任何複雜的道理更能引起孩子的共鳴。

我一直都很推薦與孩子們一同閱讀繪本——如此一來不僅能建立更好的親子關係，還能一同探討其中的議題，促進他們對許多重要價值的理解。

謝謝大家這個週末陪我們一起讀繪本，一起探討公權力如何影響我們的日常生活、一起討論如何理解孩子、如何與孩子溝通。接下來的《培你讀繪本》，請大家敬請期待！

見書店 Sea To See Bookafé
苔蘚視角 Mossery Books & Coffee",2023-07-01 21:19:19,https://facebook.com/peiyu901/posts/207145735631651
201,207559068923651,"政府挺青年！學費補貼3+1！

這些年政府在從 2017 年起連續 6 年歲計剩餘增長，為了讓全民共享經濟果實、並減輕青年朋友的負擔，政府推出「拉近公私立學校學雜費差距1+3方案」 方案，除了減免私立大專學雜費3.5萬元之外，還有加碼減免大專弱勢生，高中職全面免學費，以及放寬學貸申貸還款。

有些孩子求學期間因為經濟壓力半工半讀，為了打工得壓縮到學習的時間，因此無法在成長過程探索自己真正喜歡做的事情，實在很可惜！

明年 2 月開始，這個新方案就要上路了，希望未來台灣的孩子，都能更有餘裕地追逐自己真心喜愛的事物。為了下一代，政府有義務要落實教育平權，讓孩子讀書減少負擔。",2023-07-02 12:00:12,https://facebook.com/peiyu901/posts/207559068923651
261,208463308833227,"租事大吉！
租屋補助即日起開放申請囉！

「300億中央擴大租金補貼」擴大人數、加碼金額，降低門檻

🔹18歲以上即可申請
🔹免填房東身分證
🔹新戶 線上、郵寄、臨櫃就可以辦
🔹舊戶直接發放補助無需再申請

還有相關疑問的，請撥打諮詢專線(02)7729-8003哦～",2023-07-03 21:00:05,https://facebook.com/peiyu901/posts/208463308833227
276,208519445494280,"孩子放暑假了，兩個大男生在家，一個讀書玩遊戲、一個玩遊戲讀書，每天依然忙碌的媽媽決定用前一天晚上先做好的便當，陪伴他們。
暑假快樂🌞！",2023-07-03 22:32:43,https://www.facebook.com/peiyu901/posts/pfbid0TCe3qawi1jGvEy2T1LaGLeVq5wKR9eQZnV5i1NMRxVuT2odkUGbTzG6rPQ1FLCprl
60,208861905460034,"特教之路 未完待續 2.0

《特殊教育法》在5月29日三讀通過後，目前已於6月21日經總統公布施行，
目前《特殊教育法》的相關子法，正由 教育部、  教育部國民及學前教育署如
火如荼的研議中！

繼上一次我邀請教育部以及國教署前來我的辦公室共同討論特教交通車的子法
規劃後，昨日我邀請了教育部林騰蛟常務次長以及教育部、國教署的同仁繼續
討論特教法子法修正的議題，內容整理如下：

✅教育部與國教署應彙整並提供「委外研究子法」之委辦單位期程安排、公
聽會/座談會舉辦時間、地點以及預計邀請的單位提供本辦公室，如有需要，
亦可建議團體參加。

✅《特殊教育法》相關的子法，未來將陸續於網站中進行預告，即便沒有辦
法參與諮詢會議的民眾，亦可於預告期間提供書面意見資料予教育部。

✅針對大專院校特教學生的部分，教育部將透過研習活動、經驗分享、特教
評鑑 等方式，促使學校能夠提供更完善的資源給特教學生以及大學教授...。

✅國教署應彙整並提供預計今年上路的特教助理員相關原則以及手冊供本辦
參考。
✅國教署應規劃辦理於特教學校校長遴選的委員中，加入特殊教育家長團體
代表。

以上是昨日我與林常務次長、教育部、國教署討論的內容概要。對於特教學生、
家長或者教師，我相信特殊教育都是一條不好走的路，特殊教育的融合精神，
也不是單靠一個法規或一位委員就能夠落地生根，但我依舊相信只要有人願意
努力且持續的付出，終究還是能夠帶來些許的改變！

我會繼續努力，而我也希望看到這篇文的每一個人，都能夠成為帶來改變的小
小助力！",2023-07-04 09:41:22,https://www.facebook.com/peiyu901/posts/pfbid022k7F7unuzHYXMrESn4hCw7fGEuGCm8vSsXiYaHMr2FA5kniFx3jxpgWFa92ofCcdl
77,209186132094278,"今天在松菸參加 有度立體書店-富陽二店庇護工場 舉辦的展覽「世界是座大花園」，我們在現場看到許多精緻的立體書，彷彿走進一座立體書的博物館。

每本立體書蘊含著藝術家的心血和創意，像一個小小的奇幻世界，從視覺效果到立體結構，都展現了高超的技藝和細膩的製作工藝。這些作品將書本的頁面變成了一個個立體的畫面，我們可以親手翻動書頁，感受到細緻的變化，仿佛置身於其中。

有度立體書店庇護工場透過政府媒合身心障礙者，長期為這些身心障礙者創造多元化的工作就業機會，他們除了從事基本店務外，也必須替前來參觀的顧客導覽，解說立體書運用的技法，以及立體書的故事內容。

這次展覽過程，就能感受到他們用心為我們導覽每一本立體書，講解觀看每一本立體書的運用細節和故事。

他們不僅豐富了這個展覽，也為我們帶來了更深層的反思，政府必須付出更多行動來支持和保護這些孩子，讓他們更適應這個社會，也讓社會更願意給這些身心障礙者貢獻自己能力的機會。

身心障礙的人士有機會參與社會，展現自己的能力，也向社會傳遞了一個重要的訊息：每個人都是有價值的，應該要得到平等的尊重和機會。

社會的多元性與包容是我們共同追求的目標，希望未來能夠啟發更多的機構和組織，納入更多身心障礙的人士，為他們提供平等的工作機會和參與社會的平台。

七月的這檔展覽直到7/9（日），歡迎朋友們到松菸走走，來看看漂亮的立體書，也給這些朋友們一些鼓勵！",2023-07-04 21:09:16,https://facebook.com/peiyu901/posts/209186132094278
267,209679755378249,"相信大家都有看新聞，最近陸續都有很多勇敢的女性站出來陳述自己遭到性騷擾的案例，家長們一定會很擔心要怎麼跟小孩解釋。

我們這集會談到怎麼跟小孩說明身體界線，以及教導小孩認識身體自主權，表達自己不舒服的感受，來聽聽看培瑜怎麼談這個議題吧！",2023-07-05 13:08:43,https://facebook.com/peiyu901/posts/209679755378249
189,209898565356368,"逆風劇團 的故事，你聽過了嗎？

因緣際會，今天下午來到逆風劇團位於大稻埕的據點與夥伴們交流，說到瑋盛、韋志、奕醇三位創辦人，他們很有衝勁地在2015年創辦了逆風劇團，還有其他一路並肩走來的逆風夥伴們，非常感佩這些才20幾歲人，做了很多我們40幾歲人都想像不到的事。

這幾年來逆風劇團默默用他們自己的方式，承接偏離社會體制的中輟及高關懷少年，透過戲劇與陪伴的方式將少年引回正軌，協助少年從中找尋人生方向。

逆風劇團協助過的每一位少年過往都有段讓人心酸的故事，逆風劇團每一位夥伴努力的背後也都有段令人辛酸的故事。

我靜靜聽著瑋盛與韋志及奕醇描繪著逆風劇團的願景，深深覺得他們的故事不能只有我聽到，並希望未來進一步幫助這些逆風夥伴們，讓更多人聽到他們的故事並加入他們的行列。",2023-07-05 21:05:18,https://www.facebook.com/peiyu901/posts/pfbid028dPbpUyiz6n3Vha6iCcPXrsnuYfstEoZhkCS86Z24zhcwqiXsnQXkteDgaSSwhP3l
281,210386805307544,"午安！

早上到台中參加學生營隊，現在搭高鐵準備回立法院開一連串的會議，跟自己說聲加油💪",2023-07-06 13:48:09,https://www.facebook.com/peiyu901/posts/pfbid02XiCNBkdn2TeKSbrzDD1tMvGTq6Z3PSzRRcCKpCKdey58uTgW41DC292fDgcxmK42l
229,210436768635881,"今天是我擔任立法委員滿五個月的日子。

在這個特別的一天，我來到立法院中部辦公室參加立法院112年大專青年國會民主研習營，課程中藉由繪本，用比較輕鬆、容易靠近的方式，與學員們分享這幾個月以來擔任立委的心得。

課程的後半段許多同學都提出了精彩的問題，其中一位讓我印象非常深刻。

「請問身為女性委員，都是如何平衡職場與家庭？」

我回答，希望有一天我們的社會不再需要詢問女性政治人物這樣的問題，就像大家都不會這樣問男性政治人物。

也謝謝我的小孩和先生，無時無刻都是我重要的隊友。",2023-07-06 15:35:18,https://www.facebook.com/peiyu901/posts/pfbid02J9zXwWf8rfVmmWttQLLJSJqQPgJ1JxLBWLnhM3LC2oJzCj26JscxMuohW6iSPGAMl
23,211053728574185,"我們都知道閱讀對於學童的人格發展、視野拓展和建構世界觀有著重要的影響，這是一項從小就必須培養的習慣。然而，在學校裡的閱讀教育中，我們還有很多可以改進的地方。

為了了解教學現場所面臨的困難，我來到龍安國小訪問老師，也參觀了他們的圖書館。一踏入圖書館，我就被精緻的裝飾所吸引。閱讀推動老師每個學期都會規劃不同的閱讀主題，並根據這些主題選書、規劃課程、舉辦活動、裝飾圖書館，而這一切的背後是老師們和志工團隊付出大量的時間和精力所換來的成果。

我可以想像，龍安國小的孩子們一定非常喜歡閱讀：當閱讀成為一件既有趣又有成就感的事情，就不再僅僅是為了應付考試、追求成績或完成作業，而是能夠純粹地享受閱讀所帶來的快樂。如果我們希望台灣成為一個具有獨立思考能力和蓬勃發展的文化產業的國家，就不能忽視閱讀的重要性。

一些學校中有閱讀推動教師，他們帶著孩子閱讀，讓他們體驗閱讀的樂趣，並反思自己的日常生活和人際關係，從而逐漸建立對世界和社會的觀點。閱推老師會規劃一系列的閱讀課程，包括圖書館導覽和圖書使用等。此外，他們還會籌劃各種活動，目的都是為了激發孩子對閱讀的興趣。

然而，台灣大部分學校並沒有閱讀推動教師，原因有很多，可能是經費不足、學校員額或時數已達上限、校方不重視、找不到專業的老師或學校裡複雜的人際關係等。也由於閱讀推動教師每年都需要重新撰寫計畫並向教育部申請經費，即使一個學校多年來一直有閱讀推動教師，但下一年依然有可能無法再申請到經費，這對許多學校和教師來說一直是沉重的負擔。正是因為這些原因，許多學校都不願意申請閱讀推動教師計畫，儘管我們都明白閱讀對孩子的成長有多麽重要。

接下來，我們將繼續訪問閱讀推廣領域的專家學者以及各級學校的老師，了解他們在教學現場所遇到的困難，並找出實際的解決方案。我希望能藉此改善孩子的閱讀環境，培養出更多喜愛閱讀的下一代。",2023-07-07 12:11:35,https://www.facebook.com/peiyu901/posts/pfbid0asnC9fF63m7vMp3CAhSEdL54qvdfFRTvY9wGAnkaL1QigUT1iViNnN3dmhfqeGaMl
33,211667861846105,"這週我邀請了終身教育司的李毓娟司長與同仁來到辦公室，除了討論幾個我們很在意的議題，包括安親班交通車與針對成人與長者的媒體素養教育之外，我們也討論到特教子法相關的議題。

我們發現，儘管在108課綱上路後，媒體識讀被列為核心素養之一，目前也變成國人認知在日常生活中迫切需要接受到的素養教育，但是相對一般學校教育上，在年齡跨度更大的成人教育與長青教育上卻少有著墨，導致這些族群沒有足夠的知能辨別假訊息，也就特別容易深受其害。因此我請司長協助，在長照、日照中心、社區大學、樂齡學習中心等場所推廣更多場與媒體識讀有關的活動與講座，期待能夠不分年齡增進我國公民的媒體素養。

安親班交通車的議題，是因為安親班等課後照顧中心所提供的交通車事故與意外不斷，已經是一個持續多年的問題，雖然許多地方政府都坦言會強力執法，但只有罰則而沒有鼓勵機制，實在很難真正落實兒童乘車的安全。因此我們詢問終身司有無可能研議鼓勵業者主動登記的機制，司長承諾我們願意再與地方政府討論看看，同時也更了解安親班等場所的第一線回饋。

最後我們談論到特教議題，我們首先請終身司提供《身心障礙成人教育及終身學習活動實施辦法》的相關資料，讓我們能夠先準備這條子法的具體逐條討論。此外，最近我們也收到許多家長的意見反應，他們不知道自己身障的孩子離開學校後該何去何從，不知道有什麼地方能夠讓孩子多一分自主生活的能力。經過昨日的討論，終身司有鼓勵民間團體開設「非正規課程」，提供身心障礙者、低收入戶、原住民、新住民等族群相關修習課程，每人每年有6000元的補助。我們因此請司長提供參加這類課程的族群比例，讓我們能夠更知道如何協助身障者離開學校後繼續學習，並提升自主生活的能力。

跟終身司談論了很多議題，希望能為國教與高教以外的教育提供更多學習的資源與權益的保障。",2023-07-08 09:00:19,https://www.facebook.com/peiyu901/posts/pfbid022VoTyMvSNfqDQaxfcK2qeF1pJCu96jTTheizXMR8WywJjs9kAzjSQc6vS9BrYLcQl
187,213902818289276,"今天晉身立法院老師，我來教小朋友如何當立委！

報導者 The Reporter 針對兒少打造的《少年報導者》，與 水牛書店 www.buffalo1966.tw共同舉辦「立委，換你當—選舉與新聞的民主實習課」暑期營隊。
 
上午我帶著學員用繪本認識我的工作日常，讓這些小朋友了解維持立法院運作的每個重要環節。

課程的最後，我們邀請教育部林明裕次長出席，進行《國民教育法》及《性別平等教育法》相關業務報告，學員們擔任小小立委質詢林次長。來回的互動過程中，希望讓他們從實作的經驗，用身體和感官來體驗「擔任一名立法委員」。

今天擔任立法院老師很開心，期待學員們上完課能夠瞭解國家政策推動與議事制度的過程，更加理解台灣這片土地「民主」的重要性。

相片來源：《報導者》攝影記者古佳立",2023-07-11 20:22:15,https://www.facebook.com/peiyu901/posts/pfbid0kwHmukS2Afutngrirnfei7h93wUzDyQk6A1K76tUpGeD3mn1fEMcwDtcdyshDwLXl
307,213973964948828,加班討論中,2023-07-11 22:36:13,https://www.facebook.com/peiyu901/posts/pfbid0wVCCL4a9ysAnZetHaz6VNhzGrxWsBaYxpUSnwsNs4F1qWfL1ayncPjsGXj9V2BoNl
273,215002124846012,"你有被情緒勒索的經驗嗎？或是在無意識的情況下不小心情緒勒索他人的經驗？

這集我們談到情緒勒索這個議題，或許大家並不陌生，成長過程當中也有過類似的經驗，來聽看看我怎麼談情緒勒索這個題目吧！",2023-07-13 16:11:55,https://www.facebook.com/peiyu901/posts/pfbid0292YQ6yhk7vAQeW9e8XH3VxqWfSnVwEHTcgtnX27Yj81QRa6kZa6j14ocbSAFRYG3l
19,215731528106405,"《我期待過動兒被賞識的那一天》：賞識過動兒，開啟無限可能的大門

對於家中有類似症狀的孩子及家長，這一本《我期待過動兒被賞識的那一天》是我的好朋友，同時也是醫生和研究過動兒多年的專家李佳燕醫生所寫，她不僅深入地探討了過動兒這個議題，也以許多真實的故事呼籲社會賞識並給予過動兒和有著類似行為的孩子更多的理解和支持。

在這個充滿挑戰的世界中，過動兒和他們的家庭常常面臨無數的壓力和困難。然而，佳燕醫生的書給予我們一個新的視角和希望。這本書是一份關懷、鼓勵，為家長及教師們提供了寶貴的支持。

在這本書中，佳燕醫生以她深厚的專業知識和豐富的臨床經驗，介紹了過動兒的特點和挑戰。她帶領著我們深入了解過動兒的思維方式、情緒調節困難以及注意力問題。書中的故事案例讓我們感受到真實的情感和經歷，這些故事不僅是過動兒的故事，更是每個家長的故事。事實上，每一個孩子都有其獨特性和潛能，每個孩子都是獨特的、有價值的，擁有無限的可能性。

這本書還提供了實用的建議和策略，幫助家長們找到方法支持過動兒。從家庭環境到學校教育，佳燕醫生給出了具體的建議，幫助我們創造一個適合過動兒發展的環境。同時，她也闡述了家長自我照顧的重要性，鼓勵家長們以積極的心態面對挑戰，保持堅強和耐心。

這本書最令我深受觸動的地方是：每個孩子都值得被賞識和欣賞。過動兒可能會面臨一些困難，但他們也有無限的潛力和優勢。透過這本書，我們將能夠以新的眼光看待每一個孩子，看到他們獨特的光芒。

作為一位立法委員，我深感責任重大。我將努力爭取更多的資源和支持，確保過動兒和他們的家庭能夠得到應有的關注和協助。這本書將成為我們共同的起點，為創造一個更理解、支持和包容的社會而努力。

最後，我要衷心感謝佳燕醫生，她的熱情和關懷讓我們深受感動，她的專業知識和經驗讓我們深入了解過動兒的世界。我相信，《我期待過動兒被賞識的那一天》將成為家長的指南，讓我們一起為能夠學會賞識過動兒而努力，為他們開啟無盡可能的大門。

#過動兒 #賞識 #支持 #李佳燕醫生",2023-07-14 21:01:16,https://www.facebook.com/peiyu901/posts/pfbid0347PoZpq8ZCoQ14QLzWdejwkywFJvG2obziUB92A9icF1nqkM7Chf5gxEyBqZQ78Ql
55,215785441434347,"今天，在辦公室內部工作會議時間，我們找來了一位新創科技顧問David Kuo在他帶來的課程中，我們熱烈地討論了ChatGPT的使用方法、設計邏輯、使用場景、使用倫理、法律規範等等問題。我們首先深入瞭解了ChatGPT的使用方法和設計邏輯，原來它通過大量的訓練數據學習人類的語言結構和知識，使其能夠以自然而流暢的方式與在電腦前工作中的我們「對話」。討論進一步延伸至ChatGPT的使用場景，甚至在多個領域都有應用的可能，包括客戶服務、教育、內容生成等等。

然而，身為立法委員，我們也認真的討論了使用AI模型所涉及的倫理和法律問題，像是隱私保護、偏見和歧視、假新聞⋯⋯等議題，並就如何在使用AI時確保這些問題得到解決提出了一些問題，也將持續討論。未來，甚且台灣也必須如同西方國家一樣，開始討論及制定明確的倫理指南和法律規範來引導AI的發展和使用。事實上，這類新科技所存在的潛在風險。例如，可能受到誤導或濫用，可能引發虛假資訊的傳播和隱私侵犯的風險。

整個課程和討論結束時，我們對ChatGPT的潛力感到驚嘆，但同時也明白應謹慎使用並確保AI技術符合倫理和法律的要求。這次課程為我們提供了一個平台，讓我們能夠深入討論AI的發展和應用，並且更加重視公眾利益和個人隱私保護。

身為教育文化委員會的一員，我也將持續關注新科技在校園教育中的發展，如同許多家長曾經找我們討論過的一樣，青年學子所必須要學習的數位科技和人文素養之間的平衡。新的數位科技將對我們的社會和生活帶來深遠的影響，讓我們一起關注和參與AI技術的發展，確保它造福於我們的社會。",2023-07-14 22:23:18,https://facebook.com/peiyu901/posts/215785441434347
263,216971481315743,"今天 民主進步黨 全代會成功！
蔡英文 Tsai Ing-wen總統接棒賴清德主席，民主的DNA傳承下去！💪🏻

今天在現場聽賴副演講十分感動，務實真誠的他，勇於面對此時此刻台灣人的困境，我們需要這樣的領導者，也期許 賴清德 主席帶領我們台灣迎向新的未來！",2023-07-16 19:55:02,https://www.facebook.com/peiyu901/posts/pfbid02kb5sBoGT9XdRmFxn7NYbzspiraUawyta9qRsPfhHpLPWD1hJbNhBYsXqeCw3t1jVl
57,217643967915161,"國訓中心應成為更友善選手的存在

上禮拜五，在看到了鐵人三項 張團畯Tuan Tuan  選手在FB上對於他個人在國訓中心的參與集訓的經驗以及引發的共鳴，並了解國訓中心與體育署均沒有積極的回應動作後，在徵得團畯的同意下，我安排了署長與團畯的會面，期盼能讓署長可以正視選手提出的問題。

其實，團畯所分享的問題不是個案，而是一直以來存在於國訓中心裡面選手們難以言說的處遇，只是團畯在放棄了亞運的參賽機會後，成為了勇敢說出來的那個人。

從2015年開始國訓中心選手津貼一天兩百元的就存在的選手零用金問題；選訓/選拔制度的管制與不透明；奪牌主義掛帥的大型賽事參賽原則；對於「長期集訓」概念的各種限制與迷思；過度重視亞、奧運卻無視國際錦標賽作為最高等級賽事的資源分配邏輯，這些也都不是今年才出現過的討論。

感謝團畯勇敢地分享，將以上來自台灣各個角落運動員們共同的疑惑，在這個權力關係極度不對稱的體育界，無懼揭露後的各方壓力，堅定地說出了許多運動員們的心聲。

國訓中心當然是台灣大部分競技運動員的從事訓練的最高殿堂，然而，若把奪牌與管理誤認為單位的目標，忘記自身服務選手的任務，這種本末倒置的現場狀況，無疑就是此刻國訓中心造成選手們各種隱而未宣的傷痕的主要原因。

國訓中心不應該只是獎牌製造工廠，如何科學的、友善的理解運動員的需求，如何讓生活在其中的運動員與從業人員們可以在更被尊重的對待，會是體育署更努力思考的政策方向。我會繼續關心國訓中心的內部治理狀況，也期待在八月份可以安排國訓中心的考察，實際了解署長在會中所說的「改善狀況」。",2023-07-17 20:27:49,https://www.facebook.com/peiyu901/posts/pfbid0EA999htsCUFFXRZarKnJ63Cpi2dUrkBq1ydV6yQwZLufywLmaQWMZBfVTHskxQb4l
196,218070021205889,"今天，行政院陳院長特別來專案報告性平三法的修正。我深切期待這次修法盡可能消除性騷擾被害人申訴的疑慮和障礙，所以透過質詢和院長做伙參詳。

我重視的是，修法要有單一申訴和協助被害人的窗口，要簡單好用。目前複雜的申訴管轄，連政府機關也不免錯誤移送案件。

我重視的是，修法要讓被害人不用擔心申訴之後被報復，申訴調查要獨立、公正。

所以，我要求院長研議，所有被害人第一次申訴可以直接向地方主管機關提出，由機關調查和裁罰，而不是先跟雇主申訴之後才能跟主管機關再申訴。

我也要求勞動部許部長要審慎，行政院的草案提出，雇主跟被害人道歉被接受可以減輕處罰，可能造成雇主利用權勢施壓被害人接受道歉，造成二次傷害。

接下來委員會審查，我會努力爭取最貼近被害人需要的條文。",2023-07-18 14:22:55,https://www.facebook.com/peiyu901/posts/pfbid02NaXZapAqSCJSZPkoVJixBr6UczgWLsJJcVmSgCtBQsCjCsHNA1LLWx2sFZRLrLC2l
95,218619467817611,"昨天，我與 文化內容策進院 Taiwan Creative Content Agency  蔡嘉駿董事長會面，我們聊了很多關於台灣文化產業未來可能的發展，以及亟需解決的問題。

我們都知道，各種不同的文化產業之間是一種水幫魚、魚幫水的關係，例如出版產業能夠提供影視音產業所需的文本，影視音也能回頭為文本帶來更多的關注度；反過來說，只要有某個產業逐漸式微，其他的也會連帶受到影響。

文化產業是一個整體，當其中一個面向發生變化時，其他面向也會因此產生改變。我與蔡董事長都非常認同，文化產業遭遇的危機，其實也是台灣的國安危機。

我們談到的具體例子，包括最近舉辦的韓國書展，讓我們深刻體會到台北書展還有很多進步的空間，以及能夠從中學習的事。

書展除了是商業活動以外，我們也希望能夠更進一步地將台灣的文化推廣到全世界；自從前陣子文創法修法後，要將哪些產業納入減稅的範疇，也是一個亟待跨部會討論的課題；此外，我們也討論到在2023年的當下，能夠培育與鼓勵本土創作者和內容產業創作出更多高品質作品的措施，已經成為當務之急。

文化產業在現今時代扮演著更重要的角色，它不僅能夠展現台灣的文化魅力，也是一個國家自我認同的來源。接下來，我會繼續關注文化產業的發展、創造更多鼓勵創作的環境和機會，讓台灣持續在國際上發光發熱。",2023-07-19 13:33:58,https://www.facebook.com/peiyu901/posts/pfbid02jF7Fs6PNHn1PRQyyoXbfBnonZq45rY33NAtMbDDEVgA7UHUEduhbnuiKEAvnHzbEl
61,218815297798028,"[足協青年聯賽復辦追蹤，體育署應正視社區球隊發展需求]

上禮拜五，我邀請了體育署署長鄭世忠與  足球爸媽聯合應援團 的淮媽到辦公室，針對今年三月底在立法院「足協青年聯賽復辦」的記者會後續進度進行討論。

在三月底的記者會後，在這邊要肯定體育署啟動協調足協進行青年聯賽復辦的規劃，然而，在體育署補助超過九成的支持下，中華足協所提出的賽程、賽制，卻依然是朝向排除寒暑假，限定參賽隊伍人數的方式進行規劃。

因此，在這次的會議中，我們再次跟體育署強調青年聯賽對於基層隊伍的重要性，並建請體育署與足協研議將賽程賽制的調整，盡可能落實鼓勵有意願參賽之球隊均能在落實聯賽精神概念下，有充分參與賽程之可能。

我們認為，這次足協青年聯賽停辦與消極復辦事件所凸顯的，不只是體育署在單項協會監督輔導失能，以及相關政策忽視利害關係人的參與；對照到體育署長期在各單項運動均出現對委辦/補助賽事承辦單位缺乏監督、淘汰機制，對於學校以外的社區運動團隊發展政策想像不足，其實也都是長期且普遍存在的問題。

體育署每年對於青年層級的賽事的上億的經費投入，應該是育成年輕選手、提供所有對運動充滿興趣的孩子揮灑青春的舞台，不該只是體育署預算執行的KPI，或是教練們爭取升學機會與獎補助的工具。

如何打造更友善的賽事規劃與品質，讓孩子們無論是在學校或是社區團隊都能在國家體育政策的守護之下，透過與署長的討論，署長也表態他有注意到少子化的趨勢與體育政策調整的必要，接下來我會持續的追蹤，期盼能讓社區運動團隊/俱樂部真正成為國家體育政策視野中的一環！",2023-07-19 21:16:57,https://www.facebook.com/peiyu901/posts/pfbid0361hLCX7WD5VGLcCEdG1adFA9WCEvQxw6nQ7XLihQSeqjpgtTYucVqTv1mJ9rpcE1l
278,219361844410040,今天的教育文化委員會質詢影片，遲來的正義不是正義，期待每個台灣孩子都能安安心心長大，讓我們大人成為他們的避風港。,2023-07-20 20:26:17,https://facebook.com/peiyu901/posts/219361844410040
155,219664151046476,"來到文薈獎得獎作品展覽，除了驚艷更多感動。

為完善藝文支持體系、落實多元文化，文化部一直以來藉由「#文薈獎」活動作為鼓勵身心障礙者從事藝文創作，分享創作視角的平台。

目前文薈獎第21屆得獎作品正在國父紀念館展出，前幾天趁著行程空檔來到得獎作品展覽會場參觀，看到身障朋友豐沛能量的創作，我的心中除了驚艷還有更多是感動。

「文薈獎」主要分為文學類、圖畫書類以及心情故事類三大類作品，接觸我所熟悉的圖畫書類創作，不少身障朋友的作品已相當成熟，構圖細膩、用色豐富，場景描繪的寓意深遠，畫中角色的強調鮮明反映創作者本身對於環境的感受。文學類創作的豐富內容也不遑多讓，還有心情故事類創作充滿了陪伴者付出的點滴。

身障朋友投入藝術創作的不容易遠超乎尋常，文化部與策展單位投入不少心力合作轉譯，將身障朋友的作品呈現在大家眼前，為他們的生命故事留下值得紀念的回憶，體現社會對身障朋友創作的支持。

現在文薈獎徵件活動已來到第22屆，相信明年得獎作品展覽，一樣精彩可期。",2023-07-21 09:02:49,https://facebook.com/peiyu901/posts/219664151046476
302,219741591038732,"昨天性平法
今天性工法
繼續努力💪⋯⋯",2023-07-21 12:11:35,https://facebook.com/peiyu901/posts/219741591038732
21,219959961016895,"繼前幾週與龍安國小的高老師見面後，為了更進一步了解台灣閱讀教育的現況，這週我拜訪了有「公共圖書館之母」之稱的陳昭珍老師，談談我們能夠往什麼方向繼續努力。

老師首先與我們分享了香港在學校裡如何推動閱讀教育。2000年時，香港進行教育改革，向美國借鑒，以中文、英文、數學與閱讀為主，並且閱讀這項是融入各科的。

除此之外，香港的每個學校裡都有圖書館主任，負責學校的閱讀課程設計、圖書館管理與閱讀推廣的工作。在近幾次的pirls閱讀評比中，香港一直都名列前茅，可見閱讀教育的成效。

我們接著談到台灣閱讀推動教育的現況，108課綱中雖然將閱讀列為重要素養，但我們在教育現場看到的是經費有限、專業師資與人力嚴重不足、閱推教師研習進修課程時數太少，以及閱讀與議題探討教育疊床架屋，造成老師無所適從的狀況；其他也有授課時數平攤給其他老師，造成授課負擔加重，或是缺乏中央準則導致地方各自為政的問題等等，都是台灣閱讀教育難以普及的原因之一。

前陣子因為舉辦出版公聽會而有機會深入探討出版市場萎縮、國人平均閱讀書籍數下降等現象的成因，許多人會將這些歸咎於資訊時代，媒體數位平台蓬勃發展，快速的閱聽習慣導致書籍這類傳統資訊載體逐漸式微。

儘管無可諱言的，這的確也是一個很重要的因素，但我認為，無法從閱讀中感受到快樂，也是一個不可忽略的因素。近期有報導指出，在台灣出版市場萎縮的同時，韓國的出產產值卻能夠逐年成長，到2020年成長到1320億，這代表儘管資訊時代的來極為大量的媒體與資訊流量，卻不必然導致人們不再閱讀。

閱讀是一件攸關國家文化發展，乃至於國家存亡危機的事，同時也應該要從小做起，我們也看到目前的教育體制在推動閱讀教育上還有許多能夠在進步的空間。

接下來，我會持續盤點在閱讀教育的現場實際面臨的狀況，希望能進一步改善台灣閱讀教育的環境與品質，讓我們的下一代漸漸愛上閱讀這件事。",2023-07-21 21:10:55,https://www.facebook.com/peiyu901/posts/pfbid033fHxWd66Wf2swfLNFuPnC5ht4YQ1xZ1Jodm5Nsn7VktXqT691GxPiPqCHgZrbmxAl
238,220243327655225,"謝謝  #腳踏史地 的邀請，很開心有機會和小朋友們進行議題的交流。由老師在旁引導，小小年紀的他們藉著團體討論提出「孩子沒有自己的時間」、「學校課程太過無聊」、「下課時間好短」、「社會對女性有刻板印象」等涉及他們權益的具體問題，並著手研究解決方式、規劃向不同人員及政府單位的遊說工作，還有準備對大眾推廣的宣傳內容。

活動會場上看著他們不疾不徐意志堅定的表述，我的心得就是「當小朋友們的想像力化作倡議超能力時，力量真的無限大♾️！",2023-07-22 09:21:02,https://www.facebook.com/peiyu901/posts/pfbid02DcUAfi84YFEbvFedvBbq1Pb9G8f2YccY3Rz8AkHSQPxMqZgDrukZznHpUSX7ZegHl
304,220363980976493,"現場報名也可以喔
高雄的朋友快來",2023-07-22 13:42:52,https://www.facebook.com/peiyu901/posts/pfbid0EFVWudspgpB827LaktwrokwaurS4xsZnkG6dyh84LqgowbtJi6nvhKtqswp51kbLl
143,220492484296976,"李佳燕醫師
人本教育基金會

「為什麼要生小孩？家長們還記得嗎？」佳燕醫生的提醒輕輕的，但打進家長心裡卻是重重的！

孩子們有自由玩樂的權利需要維護，孩子們還有盡情探索的空間需要守護，這一切的樣態也許不是現在的兒童醫生、教師和家長們所熟悉的，但是不只有台灣在拯救童年，佳燕醫生說近年來全世界有越來越多的專家、醫生在呼籲，孩子們需要更多的時間去玩樂、去探索、去讓大腦裡面的小劇場有成長的機會⋯⋯

「會不會這麼多在大學裡感受不到快樂的大學生，是因為他們從來沒有過快樂的童年？」這段話出自一位年輕人的探問，他或許找到了問題的核心？

玩得好，一定也會長得好；玩得好，就也能夠學習的更好。在大人都感到焦慮無助的不可測的未來面前，孩子們需要的是更多的自由探索、自在玩樂。

持續聽孩子說話，聽孩子們的故事，我們大人才更有機會靠近孩子，也才有機會讓孩子們在需要陪伴的時候，想起一直在身邊的我們—-這不正是美好的親子關係嗎？

為了孩子的身體健康和心理健康，拜託更多大人一起走近孩子，能聽到孩子的笑聲真的很可貴呀！",2023-07-22 19:06:03,https://www.facebook.com/peiyu901/posts/pfbid0LNkdAv2gg33uwE87fm1hj2hff5H9fSNCqp9qBt9sQz9C4oPUKhwwgmhjx6pw3t6ol
265,221186170894274,"《培你讀繪本》活動，即將在台北的獨立書店─底加書店 舉辦，歡迎喜歡繪本，或是想一起討論議題的朋友，一同來分享你的看法！
───────────
日期：7/30 (日) 下午2:30 - 4:30
地點：底加書店（台北市大安區羅斯褔路三段193號7樓）",2023-07-23 21:36:14,https://facebook.com/peiyu901/posts/221186170894274
245,221726760840215,"今天這集我們聊到辦公室的便當會，身為不分區民意代表，因為沒有服務的選區，如果沒有與在教育現場的家長、教師和學生時刻接觸，無法確切掌握教育現場遭遇到的難題，以及我們真正需要關注的議題。

了解到這點之後，我們決定邀請學校的家長會、家長團體來到立法院參訪，與他們吃便當、聊聊天，用一頓午餐的時間聊聊孩子遇到什麼樣的難題，以及我們可以如何協助他們。

來聽聽看我們聊了什麼吧！",2023-07-24 21:00:06,https://facebook.com/peiyu901/posts/221726760840215
285,222235304122694,開了一天的會，看向窗外發現彩虹，突然想到颱風要來了，大家下班小心唷～🌈☁️😊,2023-07-25 18:29:02,https://www.facebook.com/peiyu901/posts/pfbid0dKKJGKP1DZ4f518qMsN7pXfTo7bJH637QQ5kbFVGbyBSejUkDK1kRHWt7iKm3uacl
259,222845464061678,"感謝立法院不分黨派的支持，通過「台美貿易倡議首批協定」，讓台美貿易合作再深化，往更全面的關係邁進！

本次首批協定包含五大項目：貿易便捷化、中小企業貿易便捷化、服務業國內規章、反貪腐與良好法制作業，未來還有7項關鍵議題需要協商，我們會繼續努力，讓台灣繼續向前，走出全世界。",2023-07-26 21:00:04,https://www.facebook.com/peiyu901/posts/pfbid0oP3XMaSPMGKbuocrzv5X7H584e5XdQM9A3woZ5RQb97V26aeR84EoTjpUJ8n839sl
296,223430714003153,"中國不要超譯2758決議
台灣前途由台灣人民決定！",2023-07-27 21:02:36,https://facebook.com/peiyu901/posts/223430714003153
29,223782063968018,"《性別平等教育法》三讀通過！

近幾個月的 #metoo事件頻傳，許多當事人勇敢的站出來表達他／她們面對性騷擾的經驗，其中有不少的案件是學校的學生遭受學校師長們性騷擾的案件。我們辦公室這陣子也接到一些陳情案件，每當我看到這些案件的內容，我總是感到相當的憤怒與難過，同時也加深了我想提出《性別平等教育法》修正草案的念頭！
培瑜的質詢看這裡👉：https://ivod.ly.gov.tw/Play/Clip/1M/146814

在這次《性別平等教育法》的修法過程中，我提出的改進如下：
✅ 中央、地方主管機關性平會應納入學生代表。
✅ 各級性平會的性平委員應具備性平意識，且學校校長應受專業訓練，並具備性平事件調查知能。
✅  要求教育部於子法中明訂性平委員資格、任期、解聘事由及解聘程序
✅  學校發生性別事件時，學校「應」採取必要之處置且不得影響學生受教權、工作權及撤案意願
✅ 行為人為學校校長或曾為校長者，其校園性別事件之調查應由主管機關調查
✅ 師對生性騷擾的申覆，當事人得選擇向主管機關進行救濟
✅ 要求教育部應於子法落實不適任調查人才的淘汰機制
✅ 要求教育部於子法明列學校性別事件「程序重大瑕疵」參考基準
✅ 偽造、變造、湮滅或隱匿他人所犯校園性騷擾、性霸凌之證據，經學校或主管機關調查認有必要，應依法解聘或免職

對於這次《性別平等教育法》的修法，雖然我並未完全的滿意，還有許多地方可以有更為精進的空間，但這次的修法對於校園的性別事件處理，仍是往前邁進的一大步！也很感謝教育及文化委員會 范雲  FAN, Yun 陳秀寶 吳思瑤 堅持．張廖萬堅 林宜瑾 護理立委 陳靜敏 共同努力讓《性別平等教育法》修得越來越好，也很感謝 教育部 部長 潘文忠、學特司吳司長以及法制處李處長以及其他同仁在這段期間給予的意見與指教！",2023-07-28 11:35:08,https://www.facebook.com/peiyu901/posts/pfbid0ACUNYjKvgBrQ6GBxKWs1rXVNc85EptoeogoRhxBchQohhD6Z3HvgPzSxGHR1s2KTl
292,224615950551296,明天的繪本活動取消，請大家在家好好休息，注意安全唷！💛,2023-07-29 20:22:18,https://www.facebook.com/peiyu901/posts/pfbid02z9HfzobzUsUDVTcjMd6wC59EHk8gErVcvGJ51eSFBuRf5eo9tM33Ss99pvcgcge9l
225,225226623823562,"本週podcast上架，聊聊出版公聽會！

這場公聽會的淵源我認為是在2008年、2009年時，獨立書店提起關於折扣的問題，但到了2016年做了相關研究報告，這件事就停住了。

這一年來，電商通路大打書籍折扣戰，初期電商自行吸收折扣，但近期與出版社的年度換約中，要求出版社直接讓利，嚴重衝擊出版圖書產業。

電商通路的大幅折扣，也同步壓縮了實體書店的生存空間與書籍出版的多樣性。當社區生活中再也沒有書店、暢銷書排行榜逐漸單一，我們又該如何期待具備思考能力的公民社會？

來培我一起聽聽看吧！",2023-07-30 21:14:40,https://www.facebook.com/peiyu901/posts/pfbid0B9jUFHDtRtYMzry1MHhYBWFnM1HpmtCucYqUskvZ7TsHx3pdNW7RVE1qyBV7htasl
171,225494613796763,"閱讀對於學童的人格發展、視野拓展和建構世界觀有著重要的影響。108課綱中雖然將閱讀列為重要素養，但閱讀教育在學校推動的情況是經費有限、制度規劃不完善、專業師資與圖書館人力嚴重不足等狀況，這些都大大的影響了閱讀教育在學校的推動。

我們也知道，不同地區、不同背景、不同級別的學校所面臨的處境也都不盡相同，除了了解閱讀教育普遍阻礙之外，也希望了解各個地區與各級學校的差異與困難。

有鑑於此，我們將舉辦《培養孩子閱讀力，學校教育是關鍵！》座談會，於北、中、南、東舉辦，分為國小場與國中場，邀請全台灣各地的閱讀、圖書教師及有興趣了解閱讀教育的一般教師一起參與！

座談會日期：
高雄場：8/3（四）
花蓮場：8/10（四）
台北場：8/14（一）
台中場：8/16（三）

座談會時間：
國小場：10:00-12:00
國中場：14:00-16:00",2023-07-31 09:00:04,https://www.facebook.com/peiyu901/posts/pfbid0avct6vsEBmtzSTVCfaDboYCiXM5d8LFpxVPVEYpE3ea9nUoCjYS3mBSCBRwkEbbwl
3,225633743782850,"關於 #性別工作平等法 及 #性騷擾防治法 的修法，首先想謝謝專家學者還有團體夥伴在這段時間給予培瑜辦公室的意見，此次臨時會我們盡最大全力提出培瑜辦公室自己的修法版本，無論在院會或委員會質詢，還是與部會溝通或委員會審查時，已盡最大全力跟相關單位討論。

培瑜辦公室歷時一週與 勞動部  前後五次反映溝通，讓人相當擔憂會造成性騷擾被害人被迫接受雇主道歉的問題，也就是原本行政院版 #性工法 第38條之2第1項但書已修正刪除。謝謝審查過程中勞動部許部長及條平司司長給予培瑜辦公室的指教，也謝謝院內同仁的交流及支持。

我提出的草案希望能建立獨立第三方申訴調查機制，讓員工遭遇性騷擾時能不必擔心申訴受到二次傷害；以及在員工提出申訴遭到雇主不利益對待時，有得不經預告終止勞動契約等配套措施，以強化對相對弱勢之員工的及時保護。

我們理解前述的外部機制或配套措施需要更多時間準備，希望勞動部能考量職場性騷擾恐有高達80%黑數，未來進一步辦理相關資料調查，就外部申訴調查機制及配套措施進行評估。

我提出的草案，也參照職業安全衛生法第18條，希望受僱者不幸被性騷擾後，在雇主未採取立即有效的糾正或補救措施的情況下，賦予受僱者自己決定暫時拒絕提供勞務、讓自己遠離職場人因危害的權利。草案雖然沒有納入條文二、三讀，我仍然希望勞動部能持續研議條文，作為未來修法的目標。

而性騷擾防治法從2005年制定以來，過去都不曾「實質」的修正。今天，在18年後，本法三讀修正將軍警學校和少年矯正學校明文納入學校定義；增訂任何人不得公開揭露被害人個人資料；增訂權勢性騷擾的單位外部申訴制度和加重罰則；增訂調解程序要尊重被害人主觀意願和視為提出告訴等，都跟我們提案的內容方向一致。也明定主管機關要提供心理輔導、法律協助、社福資源；明定場所管理人的保存證據和安全檢討責任。對於以上修法的進步，我也要給予 陳建仁 Chen Chien-Jen 院長所領導的政院團隊肯定。

然而 #性騷擾防治法 本次修正也有遺珠之憾。

像是單一申訴窗口、不同主管機關之間自動轉介案件，我提出的修正動議雖然未能納入條文二、三讀，但有其他委員提出相同主旨的附帶決議，請行政機關務必落實。當被害人鼓起莫大的勇氣，打到113或跟機關申訴，我認為機關不能只是告知，請被害人自己去跟另外一個機關申訴。希望在日前陳院長及薛瑞元部長承諾將會提高113保護專線量能的前提之下，未來讓被害人第一時間不會徬徨無助。

另外，我也根據民間團體和專家意見提出修正動議，希望機關、團體或單位主管，有參加性平教育的「義務」，而不是「鼓勵」主管，結果最後都是HR（人資）來參加。希望行政院能針對上述狀況，評估實務如何有效執行。

最後，期盼這次性平三法修法在明年3月8日施行後，更能預防而減少性騷擾事件、能幫助被害人第一時間調適被害的傷痛、能增加被害人尋求正義的勇氣和自信。

被性騷擾不是你的錯，我們一起培伴你度過。",2023-07-31 14:37:38,https://www.facebook.com/peiyu901/posts/pfbid02LPBuEW9cxXA5fqif8QsMp1sCapNMQQrYNgTSaEd4z91LaUP3FwueHoxbRcEJELpNl
129,226235753722649,"今天看到退場學校相關新聞，有點沉重。早在3月13日，我就以質詢要求教育部 ，不能讓停辦學校的學生安置到預警學校，以免受安置的學生就學之後可能又遭遇學校停辦等狀況而受到二次傷害。還記得當時教育部回說「實務上選定分發學校時，即予以排除預警學校」。

然而，根據審計部111年度總決算審核報告指出，這三年因為受到Covid-19影響，教育部都沒有辦理受安置學生適應情形的實地輔導及訪視作業，受安置學生的退學率平均高達16.42%、休學率平均達3.96%，顯然教育部在私校退場辦理實務上，真的不夠嚴謹。

直到7月20日，終於看到教育部預告「專案輔導學校停止全部招生後停辦時仍在校學生分發辦法」修正草案，擬修正「專案輔導學校停止全部招生後停辦時仍在校學生分發辦法」第4條，將「預警學校」列為不得分發學校。

我期盼這樣的亡羊補牢，對學生來說不算太晚；重點在學生的受教權益上，教育部更要積極瞭解並追蹤受安置學生轉學時遇到的狀況，例如通勤上課、原修習學分無法抵免等問題，還有休學退學的原因等等，研議配套措施，讓受安置學生能如預期完成學業。",2023-08-01 14:54:46,https://facebook.com/peiyu901/posts/226235753722649
9,226423377037220,"今天很高興有機會和各位小朋友共同度過心智圖課程的第一天。感謝爸爸媽媽讓孩子們有這個機會參與。

今天的課程中，孩子們已經完成了6-8張作品，不同的主題設計讓他們發揮創意，並在作品中記錄了他們的修正過程，最終呈現出他們都很喜歡的作品。

在第一個概念中，我們從「畫一個朋友」開始，讓孩子們明白心智圖的容錯程度是允許創作者重新再來的。

在教育系統中，學生通常不被鼓勵犯錯，我對孩子說，心智圖重視的是每個人獨特的思考過程。因此，只有心智圖的創作者自己能評價對錯，決定是否重新來過。

這也關聯到「自己是學習的主體」的重要意義。面對孩子們的作品，我只提供結構和基本規則的建議，其他內容由孩子們自己表達感受和想法。

在第二個作品中，孩子們回到個人的創作，以「自己」為主題，進一步認識心智圖的基本規則。我在他們的創作中逐步加入這些基本規則，讓孩子們能夠在不受限制的情況下發揮創意。

心智圖不僅是展現思考痕跡的作品，更是看見自己思考慣性的好方法。透過分享彼此的作品，我們明白「同一個題目卻能長出不一樣的心智圖作品」，這是心智圖的魅力所在。

中午過後，我們以「午餐」為主題，讓孩子們從發散式思考方法轉為收攏式方法。這是進一步的心智圖創作邏輯，學會這個概念將有助於他們整理學校學習和資料的能力，同時符合素養學習。知識是外在的，能力則是內在的，我希望孩子們能持續練習和累積這樣的能力。

最後，我邀請孩子們以雄獅想像力製造所的一日行程為主題，進行更具挑戰性的創作。這要求他們自行決定「論述的核心」，再進行第二層、第三層的創作。孩子們確實感受到挑戰，問我說：「為什麼這麼燒腦？」我回答：「大腦本來就是用來思考的，從現在開始訓練大腦，它會越來越聰明！」幸好，孩子們都堅持到底，完成了自己的作品。

我特地帶了一套哲學種子的書，目的是為了讓不同的孩子的創作進度不一致時，先完成的孩子們，可以先翻看這系列書。

對於我來說，心智圖不僅是規則和方法，更重要是學習多元的思考模式和內涵，讓自己更有能力理解不同的議題和立場，並且養成批判思考能力。

看著孩子們開心的翻閱著這一套書，不論是書裏的小故事或是小論述，都是思考的養份！

之後也希望家長持續鼓勵孩子閱讀不同領域的作品，跨領域的能力，也是未來這個世代的孩子不能缺少的能力。

課程的最後，我鼓勵孩子們感謝自己的大腦和身體，陪伴自己用功了一整天。希望家長們在他們回家後，也能給予稱讚和鼓勵。

期待明天的展開，能夠再和這些孩子共度燒腦又充滿智性的一天！",2023-08-01 22:05:12,https://www.facebook.com/peiyu901/posts/pfbid02muXo9fah1MhHdjnWq3fA3PQy1evAnYr2osf5VGmaREoQeJ3J4RvFtG2jB53e6QAil
294,226876950325196,快下班了，請大家隨意關注颱風動向，小心回家注意安全喔！,2023-08-02 17:34:08,https://www.facebook.com/peiyu901/posts/pfbid023LHsNafUQkkzZMCtrgM4h26hhqQeBgAfLwVQELmyLK9Nscxg8Lf2wzddDM6ezczjl
68,227563656923192,"颱風天，行程不間斷！

儘管今天放了颱風假，但我一大早還是搭上了高鐵前往高雄，主持由我們辦公室主辦的《培養孩子閱讀力，學校教育是關鍵！》座談會高雄場。

感謝屏東、高雄和台南的老師與老師鼎力相挺，同時，我們也邀請了 國民及學前教育署與 高雄市政府 Kaohsiung City Government的同仁與會，希望把教育現場的聲音直接傳遞給政策制定方。

我一直明白，教育現場有許多問題需要被討論，今天的座談會有些問題就被提了出來，我想舉兩個例子和大家分享：
1.現在的閱推計畫必須一年申請一次，每年反覆的申請讓很多老師帶著每年都可能是最後一年」的心情教學，很可能隔年的工作會沒有著落。

2.根據國教署的統計，現在只有50%的學校有專業的圖書館人員，顯示出明顯的人力不足，閱推老師們多些時候得一個人承擔各式各樣跟「閱讀」有關的業務。

我們今天非常開心，國教署當場允諾，願意將「每年重新提計畫」的政策重頭研議過，期盼能往能往兩年一期或三年一期的方向走，並且研擬不會卡住其他學校名額的辦法！我也很樂意在下個會期幫忙爭取更多委員支持，並努力爭取增加預算!

其實在閱讀教育中，家長的支持才是最關鍵的。孩子會因為家長喜不喜歡閱讀、會不會讀故事給他們聽、家長挑選好書的能力，以及花時間共讀一本好的繪本或故事書，確實深深影響孩子對閱讀的喜好。

我一向都很鼓勵家長能夠與孩子一起讀書、享受閱讀的樂趣，因為雖然學校的教育很重要，但要讓閱讀在孩子的心裡生根，父母的陪伴依然是最重要的。",2023-08-03 21:02:40,https://www.facebook.com/peiyu901/posts/pfbid0jT85ScJjqohQTZeuen4ZQXkxjBcXeQdL5aZeZq1MfEMi7WkCg7aa2xw1X42t2LPVl
99,228164033529821,"今天我很榮幸參加親子天下 策劃的 OPEN圖書館特展開幕活動，身為母親、一位老師，以及曾經的書店創辦人，「閱讀推廣」一直是我非常重視，也正在積極推動的事情。

閱讀對於孩子的人格發展、視野拓展和世界觀建構，有著重要的影響。

在108課綱中，閱讀被列為重要素養，而現今社會大眾也逐漸意識到閱讀不只是知識教育的傳遞，更是人文價值的培養。

透過閱讀，孩子們接觸學校教育之外的各種知識面向和多元文化，而親子共讀的模式更能促進家長與孩子之間更深層的溝通。

親子天下的刊物陪伴了我們長達15年，它不僅僅是一本刊物，更是創立了讓家長們交流知識的平台，並長期陪伴著家長和老師，見證孩子的成長。

在出版文化產業市場劇烈改變的時代，親子天下能夠堅持下來，真的很不容易。

我非常開心看到親子天下為孩子策劃出OPEN圖書館這樣優秀的展覽，將台灣本土作繪者創作的文字和圖像直接帶到讀者面前，連已經是大人的我，都逛得好開心！

看到孩子們在暑期多了一個好玩、有趣的實體場域，能以各種形式沈浸式體驗圖文的樂趣，我真心覺得很幸福！

明天展覽即將正式開幕，爸爸媽媽可以帶小朋友來松菸參加，也期待親子天下未來能持續舉辦給孩子們這樣優質的活動！

🌟
展期｜8/5-8/27
地點｜松山文創園區2樓 多功能展演廳",2023-08-04 21:07:41,https://www.facebook.com/peiyu901/posts/pfbid0dCKwCaiXe9RPsoxrBsyprZysWcMEjzubJKZSohTGEppgECYZTEnL3vCBYWBcaw8rl
193,228758746803683,"校園霸凌防制是我的核心關懷，上個會期我就此已經質詢過教育部，要求儘速將預防和處理規範修正得更完善。

感謝 教育部 積極回應我的督促，即將預告修正校園霸凌防制準則和高級中等以下學校教師解聘不續聘停聘或資遣辦法。

昨天我特別請教育部學生事務及特殊教育司長和教育部國民及學前教育署官員一起來討論，我慎重的請司長務必思考家長和民間團體在實際遭遇到不好的經驗，如何透過規範修正解決？

像是：校長涉案停職機制、檢舉人和被霸凌人積極保護措施、被霸凌人近用專業協助和輔導、被霸凌人的陳述要被聽見、申請調查報告的權利和時點、強化處理建議和決議輔導措施、有具體理由的陳情要審慎對待…等等，我都請司長仔細考量。

期許最後修正發布的新規範，可以真正解決教育現場的困境，我會持續追蹤。💪🏻",2023-08-05 21:07:14,https://www.facebook.com/peiyu901/posts/pfbid0aNjJKkV36vPqTeFD3ktUocKysi1khn1BVhN2g5iGuG3cXyuLionSQMcZgAKteqyGl
233,230301449982746,"👨‍👩‍👧‍👦 今天是父親節，各位朋友會怎麼慶祝爸爸的節日？

這集節目我們聊到如果制度更完善，會不會提高生小孩的意願？有更周全的配套措施，例如提供伴侶有薪的陪產檢假，或更長的產檢假期，會不會讓年輕朋友更有信心迎接新生命的到來呢？

當然，是否要生小孩是每個家庭獨立的決定，然而一個完善的制度和環境，將有助於讓更多人有信心在適合的時機擁抱新生命。

讓愛與責任共同成長，為台灣的家庭帶來更美好的未來！

來聽聽看吧🌈💪

#父親節快樂 #爸爸最棒了 🎉👨‍👧‍👦",2023-08-08 09:00:02,https://www.facebook.com/peiyu901/posts/pfbid038BweioayQLyCayCozCgYeRj1MwtfDubkBakeygR1ooCAxkGaS9n2JmZcpjHhKRgVl
